Data,Canal,Autor Nome,seg
2025-09-16,Instagram,dimagalimtb,0
2025-09-18,Instagram,otmeditora,0
2025-09-18,Instagram,jornaldeminasoficial,0
2025-09-19,YouTube,tvbetimoficial,4680
2025-09-19,LinkedIn,Revista Ferroviária,0
2025-09-22,LinkedIn,Nivea Kasue Souza Tomizawa,0
2025-09-23,LinkedIn,Daniel de Paula,0
2025-09-18,LinkedIn,Arthur Williams,0
2025-09-18,Instagram,nickdouglasbetim,0
2025-09-18,LinkedIn,Júlio César Mendonça,0
2025-09-18,Instagram,arterialurgenciaeemergencia,0
2025-09-25,Facebook,Itatiaia - A Rádio de Minas,939645
2025-09-16,Instagram,ciclismo.acb,0
2025-09-18,Facebook,OTM Editora,447
2025-09-18,Facebook,O Tempo Betim,88284
2025-09-19,Instagram,jornaldeminasoficial,0
2025-09-25,YouTube,Itatiaia,3080000
2025-09-18,Facebook,Estado de Minas,321294
2025-09-18,YouTube,tvbetimoficial,4680
2025-09-19,LinkedIn,Usuário Anônimo,0
2025-09-26,LinkedIn,Maurício Guadalupe,0
