#;Área;Item;Veredito;Resumo;Fonte;Trecho ou dado verificado;Link
01;Números institucionais;Empregados;Defasagem;Site: 7 mil · Relatório 2025: mais de 8 mil;Site PT · Quem somos;"""7 mil empregados""";https://www.vli-logistica.com.br/quem-somos/
01;Números institucionais;Empregados;Defasagem;Site: 7 mil · Relatório 2025: mais de 8 mil;Relatório de Sustentabilidade 2024 (31/12/2024);"""Mais de 7,6 mil empregados""";https://www.vli-logistica.com.br/wp-content/uploads/2025/08/RS2024_VLI_D6d.pdf
01;Números institucionais;Empregados;Defasagem;Site: 7 mil · Relatório 2025: mais de 8 mil;Relatório de Sustentabilidade 2025;"""+ de 8 mil colaboradores""";https://www.vli-logistica.com.br/wp-content/uploads/2026/06/RS2025_-Versao-Final-10.06.26_compressed.pdf
01;Números institucionais;Empregados;Defasagem;Site: 7 mil · Relatório 2025: mais de 8 mil;Formulário de Referência FCA 2026, item 10.1;4.493 empregados, somente a FCA (31/12/2025): escopo diferente;https://www.vli-logistica.com.br/wp-content/uploads/2026/08/Formulario-de-referencia-FCA-2026.pdf
02;Números institucionais;Vagões;Divergência confirmada;Site PT 21 mil · EN 24 mil · FR 2025: > 22 mil;Site PT · Quem somos;"""21 mil vagões mobilizados em operações ferroviárias""";https://www.vli-logistica.com.br/quem-somos/
02;Números institucionais;Vagões;Divergência confirmada;Site PT 21 mil · EN 24 mil · FR 2025: > 22 mil;Site EN · About us;"""24 thousand wagons mobilized in railway operations""";https://www.vli-logistica.com.br/en/about-us-en/
02;Números institucionais;Vagões;Divergência confirmada;Site PT 21 mil · EN 24 mil · FR 2025: > 22 mil;Relatório de Sustentabilidade 2024;"""800 locomotivas e 24 mil vagões""";https://www.vli-logistica.com.br/wp-content/uploads/2025/08/RS2024_VLI_D6d.pdf
02;Números institucionais;Vagões;Divergência confirmada;Site PT 21 mil · EN 24 mil · FR 2025: > 22 mil;Formulário de Referência VMM 2026, item 1.2;"""frota superior a 22.000 vagões"" (31/12/2025)";https://www.vli-logistica.com.br/wp-content/uploads/2026/08/Formulario-de-referencia-VMM-2026.pdf
03;Números institucionais;Locomotivas;Divergência confirmada;Site PT 584 · EN 800 · FR 2025: > 700;Site PT · Quem somos;"""584 locomotivas""";https://www.vli-logistica.com.br/quem-somos/
03;Números institucionais;Locomotivas;Divergência confirmada;Site PT 584 · EN 800 · FR 2025: > 700;Site EN · About us;"""800 train"" (rótulo truncado no HTML)";https://www.vli-logistica.com.br/en/about-us-en/
03;Números institucionais;Locomotivas;Divergência confirmada;Site PT 584 · EN 800 · FR 2025: > 700;Formulário de Referência VMM 2026, item 1.2;"""mais de 700 locomotivas"" (31/12/2025)";https://www.vli-logistica.com.br/wp-content/uploads/2026/08/Formulario-de-referencia-VMM-2026.pdf
04;Números institucionais;Municípios atendidos;Divergência confirmada;Site PT 300 · EN 250 · Relatórios: ~300;Site PT · Quem somos;"""Presente em 300 municípios, 10 estados e no Distrito Federal""";https://www.vli-logistica.com.br/quem-somos/
04;Números institucionais;Municípios atendidos;Divergência confirmada;Site PT 300 · EN 250 · Relatórios: ~300;Site EN · About us;"""Present in 250 cities, 10 states and the Federal District""";https://www.vli-logistica.com.br/en/about-us-en/
04;Números institucionais;Municípios atendidos;Divergência confirmada;Site PT 300 · EN 250 · Relatórios: ~300;Relatório de Sustentabilidade 2025;"""Presente em cerca de 300 municípios, em 10 estados e no Distrito Federal""";https://www.vli-logistica.com.br/wp-content/uploads/2026/06/RS2025_-Versao-Final-10.06.26_compressed.pdf
05;Números institucionais;Estruturas portuárias;Divergência confirmada;5 (RS 2025) · 7 (site) · 8 (RS 2024, Santander);Site PT · Quem somos;"""40 milhões de toneladas transportadas em 7 estruturas portuárias""";https://www.vli-logistica.com.br/quem-somos/
05;Números institucionais;Estruturas portuárias;Divergência confirmada;5 (RS 2025) · 7 (site) · 8 (RS 2024, Santander);Site EN · About us;"""40 million tons transported on 7 railway structures"" (tradução trocou portuária por ferroviária)";https://www.vli-logistica.com.br/en/about-us-en/
05;Números institucionais;Estruturas portuárias;Divergência confirmada;5 (RS 2025) · 7 (site) · 8 (RS 2024, Santander);Relatório de Sustentabilidade 2024;"""8 estruturas portuárias""";https://www.vli-logistica.com.br/wp-content/uploads/2025/08/RS2024_VLI_D6d.pdf
05;Números institucionais;Estruturas portuárias;Divergência confirmada;5 (RS 2025) · 7 (site) · 8 (RS 2024, Santander);Relatório de Sustentabilidade 2025;"""44 milhões de toneladas em cinco estruturas portuárias""";https://www.vli-logistica.com.br/wp-content/uploads/2026/06/RS2025_-Versao-Final-10.06.26_compressed.pdf
05;Números institucionais;Estruturas portuárias;Divergência confirmada;5 (RS 2025) · 7 (site) · 8 (RS 2024, Santander);Santander Credit Research (06/04/2026);"""oito ativos portuários (sendo quatro próprios) e dez terminais integradores""";https://cms.santander.com.br/sites/WPS/documentos/arq-relatorio-vli/26-04-09_194551_20260406-vli.pdf
06;Números institucionais;Terminais integradores;Não conclusivo;Oficiais: 9 · Santander: 10;Site PT · Quem somos;Lista nove terminais: Porto Nacional, Palmeirante, Porto Franco, Guará, Uberaba, Araguari, Ouro Preto, Pirapora, Santa Luzia;https://www.vli-logistica.com.br/quem-somos/
06;Números institucionais;Terminais integradores;Não conclusivo;Oficiais: 9 · Santander: 10;Relatórios de Sustentabilidade 2024 e 2025;"""9 terminais integradores"" / ""nove terminais integradores""";https://www.vli-logistica.com.br/wp-content/uploads/2026/06/RS2025_-Versao-Final-10.06.26_compressed.pdf
07;Números institucionais;Volume nos portos;Defasagem;Site: 40 mi t · 2025: 43,9 mi t;Site PT · Quem somos;"""40 milhões de toneladas""";https://www.vli-logistica.com.br/quem-somos/
07;Números institucionais;Volume nos portos;Defasagem;Site: 40 mi t · 2025: 43,9 mi t;Página de RI (2024 × 2023);Volume de porto 2024: 43.198 mil TU;https://www.vli-logistica.com.br/relacoes-com-investidores/
07;Números institucionais;Volume nos portos;Defasagem;Site: 40 mi t · 2025: 43,9 mi t;Relatório de Sustentabilidade 2025;"""43,9 milhões de TU"" nos portos";https://www.vli-logistica.com.br/wp-content/uploads/2026/06/RS2025_-Versao-Final-10.06.26_compressed.pdf
07;Números institucionais;Volume nos portos;Defasagem;Site: 40 mi t · 2025: 43,9 mi t;Formulário de Referência VMM 2026;"""cerca de 43,8 milhões de toneladas"" (2025)";https://www.vli-logistica.com.br/wp-content/uploads/2026/08/Formulario-de-referencia-VMM-2026.pdf
08;Números institucionais;Volume nas ferrovias;Não conclusivo;Site 60,6 · Santander 60,5 · RS 2025 ~65 mi t;Site PT · Quem somos;"""60,6 milhões de toneladas ... em 8.000 km de ferrovias""";https://www.vli-logistica.com.br/quem-somos/
08;Números institucionais;Volume nas ferrovias;Não conclusivo;Site 60,6 · Santander 60,5 · RS 2025 ~65 mi t;Relatório de Sustentabilidade 2025;"""cerca de 65 milhões de toneladas"" (FCA, FNS Tramo Norte, EFVM e EFC)";https://www.vli-logistica.com.br/wp-content/uploads/2026/06/RS2025_-Versao-Final-10.06.26_compressed.pdf
08;Números institucionais;Volume nas ferrovias;Não conclusivo;Site 60,6 · Santander 60,5 · RS 2025 ~65 mi t;Santander Credit Research;Volume faturado de ferrovias 2025: 60,5 milhões de TU;https://cms.santander.com.br/sites/WPS/documentos/arq-relatorio-vli/26-04-09_194551_20260406-vli.pdf
09;Números institucionais;Extensão da malha (8.000 km);Consistente;FR: 7.935 km · Santander: 7.220 + 720 km;Site PT · Quem somos;"""8.000 km de ferrovias""";https://www.vli-logistica.com.br/quem-somos/
09;Números institucionais;Extensão da malha (8.000 km);Consistente;FR: 7.935 km · Santander: 7.220 + 720 km;Formulário de Referência VMM 2026, item 1.2;"""7.935 km de linhas ferroviárias (entre concessões e acessos por direitos de passagem)""";https://www.vli-logistica.com.br/wp-content/uploads/2026/08/Formulario-de-referencia-VMM-2026.pdf
09;Números institucionais;Extensão da malha (8.000 km);Consistente;FR: 7.935 km · Santander: 7.220 + 720 km;Santander Credit Research;FCA ≈ 7.220 km + FNS ≈ 720 km = 7.940 km;https://cms.santander.com.br/sites/WPS/documentos/arq-relatorio-vli/26-04-09_194551_20260406-vli.pdf
09;Números institucionais;Extensão da malha (8.000 km);Consistente;FR: 7.935 km · Santander: 7.220 + 720 km;NeoFeed (07/05/2026);"FCA com 7.856 km: difere de 7.220 km (Relatório 2024, Santander); escopo não explicado (não conclusivo)";https://neofeed.com.br/economia/o-trunfo-logistico-de-r-1-bilhao-que-acelera-a-vli-no-mapa-ferroviario/es/
10;Governança;Participações acionárias;Consistente;Site = FR 2026 = Santander = NeoFeed;Site PT · História;Vale 29,6% · Brookfield 36,5% · Mitsui 10,0% · FI-FGTS 15,9% · BNDESPar 8,0%;https://www.vli-logistica.com.br/quem-somos/historia/
10;Governança;Participações acionárias;Consistente;Site = FR 2026 = Santander = NeoFeed;Formulário de Referência FCA 2026, item 1.1;Em 18/04/2024 a Brookfield (LI FIP) comprou 10% da Mitsui: Mitsui 10%, Brookfield 36,5%;https://www.vli-logistica.com.br/wp-content/uploads/2026/08/Formulario-de-referencia-FCA-2026.pdf
10;Governança;Participações acionárias;Consistente;Site = FR 2026 = Santander = NeoFeed;Santander Credit Research;Brookfield 25,5% + Logística Integrada FIP 10,0% + Brasil Port Holdings 1,0% (= 36,5%);https://cms.santander.com.br/sites/WPS/documentos/arq-relatorio-vli/26-04-09_194551_20260406-vli.pdf
10;Governança;Participações acionárias;Consistente;Site = FR 2026 = Santander = NeoFeed;NeoFeed (07/05/2026);Mesmos percentuais do site;https://neofeed.com.br/economia/o-trunfo-logistico-de-r-1-bilhao-que-acelera-a-vli-no-mapa-ferroviario/es/
11;Governança;Número de acionistas;Escopo diferente (não é divergência);"""Sete"" (entidades) × ""cinco"" (grupos)";Site PT · Conselho e Liderança;"""ações divididas entre sete acionistas"" (lista Brookfield com 2 veículos, Vale, FI-FGTS, Mitsui e BNDES)";https://www.vli-logistica.com.br/quem-somos/conselho-e-lideranca/
11;Governança;Número de acionistas;Escopo diferente (não é divergência);"""Sete"" (entidades) × ""cinco"" (grupos)";Relatório de Sustentabilidade 2025;"""ações divididas entre cinco acionistas""";https://www.vli-logistica.com.br/wp-content/uploads/2026/06/RS2025_-Versao-Final-10.06.26_compressed.pdf
12;Governança;Cargos na versão em inglês;Defasagem;"EN: CEO também ""CFO"" · PT já corrigido";Site EN · Board of Directors;"Fábio Marchiori: ""CEO, Chief Financial Officer (CFO), and Head of Investor Relations""; Fabricia Souza: ""Chief Financial Officer (CFO)""";https://www.vli-logistica.com.br/en/about-us-en/board-of-directors-and-leadership-2/
12;Governança;Cargos na versão em inglês;Defasagem;"EN: CEO também ""CFO"" · PT já corrigido";Site PT · Conselho e Liderança;"Fábio Marchiori: ""Diretor-Executivo (CEO) e Relações com Investidores""";https://www.vli-logistica.com.br/quem-somos/conselho-e-lideranca/
12;Governança;Cargos na versão em inglês;Defasagem;"EN: CEO também ""CFO"" · PT já corrigido";Post VLI (30/06/2026);"""A posição estava sendo acumulada por Fábio Marchiori"" · nova CFO a partir de 01/06";https://www.vli-logistica.com.br/fabricia-souza-e-a-nova-cfo-da-vli/
13;Governança;Transição do CEO;Consistente;Saída em 29/11/2026 ainda não está no site;Fato Relevante FNS (25/06/2026);"Fábio Marchiori ""não renovará seu mandato ... permanecerá em suas funções até 29/11/2026""; sucessor a ser comunicado";https://www.vli-logistica.com.br/wp-content/uploads/2026/06/Fato-Relevante-FNS-2026.06.25.pdf
13;Governança;Transição do CEO;Consistente;Saída em 29/11/2026 ainda não está no site;"Clube Acionista (resumo; comunicados da VLI Multimodal e da FCA)";"Mesma saída informada pelas outras empresas (PDFs retornaram acesso negado; confirmar na CVM)";https://acionista.com.br/vli-multimodal-anuncia-saida-de-diretor-presidente-em-2026/
14;Governança;Sede da empresa;Escopo diferente (não é divergência);SP (VLI S.A.) · BH (VLI Multimodal) · MA (FNS);Formulário de Referência VMM 2026;VLI Multimodal: sede social na Rua Sapucaí, 383, 6º andar, Floresta, Belo Horizonte/MG;https://www.vli-logistica.com.br/wp-content/uploads/2026/08/Formulario-de-referencia-VMM-2026.pdf
14;Governança;Sede da empresa;Escopo diferente (não é divergência);SP (VLI S.A.) · BH (VLI Multimodal) · MA (FNS);Relatório de Sustentabilidade 2024;"""VLI S.A. ... possui sede em São Paulo (SP) e mantém o principal escritório administrativo em Belo Horizonte (MG)""";https://www.vli-logistica.com.br/wp-content/uploads/2025/08/RS2024_VLI_D6d.pdf
14;Governança;Sede da empresa;Escopo diferente (não é divergência);SP (VLI S.A.) · BH (VLI Multimodal) · MA (FNS);Fato Relevante FNS (25/06/2026);Ferrovia Norte Sul S.A.: sede na Av. dos Portugueses, Itaqui-Pedrinhas, São Luís/MA;https://www.vli-logistica.com.br/wp-content/uploads/2026/06/Fato-Relevante-FNS-2026.06.25.pdf
14;Governança;Sede da empresa;Escopo diferente (não é divergência);SP (VLI S.A.) · BH (VLI Multimodal) · MA (FNS);Site (dados estruturados JSON-LD, home);"Organization: name ""VLI Multimodal S.A"", alternateName ""VLI Logistica""";https://www.vli-logistica.com.br/
14;Governança;Sede da empresa;Escopo diferente (não é divergência);SP (VLI S.A.) · BH (VLI Multimodal) · MA (FNS);CB Insights;"Endereço em Belo Horizonte (Rua Sapucaí, 383); fundação 2010";https://www.cbinsights.com/company/vli
15;Governança;Fundação: 2010 × 2011;Escopo diferente (não é divergência);"Empresa 2010 · razão social ""VLI S.A."" 2011";Site PT · História;"""fundada em 2010 ... Em 2011, a companhia adquiriu sua razão social atual: VLI S.A.""";https://www.vli-logistica.com.br/quem-somos/historia/
15;Governança;Fundação: 2010 × 2011;Escopo diferente (não é divergência);"Empresa 2010 · razão social ""VLI S.A."" 2011";Formulário de Referência FCA 2026, item 1.1;Vale Operações Ferroviárias S.A. (05/08/2010) → VLI Multimodal S.A. (30/11/2011);https://www.vli-logistica.com.br/wp-content/uploads/2026/08/Formulario-de-referencia-FCA-2026.pdf
16;Financeiro;"Página de RI: ""2024 × 2023""";Defasagem;Resultados de 2025 já publicados;Página de RI;"""VLI em números 2024 x 2023""";https://www.vli-logistica.com.br/relacoes-com-investidores/
16;Financeiro;"Página de RI: ""2024 × 2023""";Defasagem;Resultados de 2025 já publicados;Página de RI · Endividamentos;Quadro de 2025 × 2024 (EBITDA recorrente 5.261);https://www.vli-logistica.com.br/relacoes-com-investidores/endividamentos/
16;Financeiro;"Página de RI: ""2024 × 2023""";Defasagem;Resultados de 2025 já publicados;Central de documentos;Demonstrações financeiras 4T2025 e 2T2026 publicadas;https://www.vli-logistica.com.br/relacoes-com-investidores/central-de-documentos/
17;Financeiro;Dívida líquida/EBITDA 2025;Divergência confirmada;RI: 1,63x · cálculo da própria página: 1,41x;Página de RI · Endividamentos;"Endividamento líquido 7.442; EBITDA recorrente 5.261; ""Dívida Líquida/EBITDA recorrente 1,63""";https://www.vli-logistica.com.br/relacoes-com-investidores/endividamentos/
17;Financeiro;Dívida líquida/EBITDA 2025;Divergência confirmada;RI: 1,63x · cálculo da própria página: 1,41x;Cálculo com dados da própria página;7.442 ÷ 5.261 = 1,41x (em 2024: 6.469 ÷ 4.989 = 1,30x, que bate com o publicado);https://www.vli-logistica.com.br/relacoes-com-investidores/endividamentos/
17;Financeiro;Dívida líquida/EBITDA 2025;Divergência confirmada;RI: 1,63x · cálculo da própria página: 1,41x;Santander Credit Research;"""Dívida líquida/Ebitda era de 1,4x"" ao fim de dez/25";https://cms.santander.com.br/sites/WPS/documentos/arq-relatorio-vli/26-04-09_194551_20260406-vli.pdf
18;Financeiro;EBITDA recorrente 2025;Escopo diferente (não é divergência);RI 5.261 · FR 5.254 (0,13%);Página de RI · Endividamentos;EBITDA recorrente 2025: R$ 5.261 milhões;https://www.vli-logistica.com.br/relacoes-com-investidores/endividamentos/
18;Financeiro;EBITDA recorrente 2025;Escopo diferente (não é divergência);RI 5.261 · FR 5.254 (0,13%);Formulário de Referência VMM 2026;EBITDA recorrente: R$ 5.254 milhões;https://www.vli-logistica.com.br/wp-content/uploads/2026/08/Formulario-de-referencia-VMM-2026.pdf
18;Financeiro;EBITDA recorrente 2025;Escopo diferente (não é divergência);RI 5.261 · FR 5.254 (0,13%);Forbes (16/03/2026);"EBITDA R$ 5,26 bi; margem 52,9%";https://forbes.com.br/forbes-money/2026/03/vli-eleva-em-4-movimentacao-em-ferrovias-em-2025-e-ve-lucro-crescer-mais-de-5/
19;Financeiro;Unidade do TKU no Formulário de Referência;Divergência confirmada;"""43,4 milhões"" × 43,5 bilhões";Formulário de Referência VMM/FCA 2026, item 1.2;"""aproximadamente 43,4 milhões de toneladas por quilômetro útil (TKU)""";https://www.vli-logistica.com.br/wp-content/uploads/2026/08/Formulario-de-referencia-VMM-2026.pdf
19;Financeiro;Unidade do TKU no Formulário de Referência;Divergência confirmada;"""43,4 milhões"" × 43,5 bilhões";Forbes (16/03/2026);"""43,5 bilhões de TKU""";https://forbes.com.br/forbes-money/2026/03/vli-eleva-em-4-movimentacao-em-ferrovias-em-2025-e-ve-lucro-crescer-mais-de-5/
19;Financeiro;Unidade do TKU no Formulário de Referência;Divergência confirmada;"""43,4 milhões"" × 43,5 bilhões";Página de RI;Volume de ferrovia 2024: 41.894 MTKU (= 41,9 bilhões);https://www.vli-logistica.com.br/relacoes-com-investidores/
20;FCA e FNS;Números da renovação da FCA;Defasagem;R$ 30 → 24/34 → 27,6 bi · 5.725 → 4.100 km;Relatório de Sustentabilidade 2024;"Plano de investimento de ""aproximadamente R$ 30 bilhões e 10 mil empregos em 30 anos""";https://www.vli-logistica.com.br/wp-content/uploads/2025/08/RS2024_VLI_D6d.pdf
20;FCA e FNS;Números da renovação da FCA;Defasagem;R$ 30 → 24/34 → 27,6 bi · 5.725 → 4.100 km;ANTT (02/04/2026);"""R$ 24 bilhões em investimentos obrigatórios"", potencial de ""até R$ 34 bilhões""";https://www.gov.br/antt/pt-br/assuntos/ultimas-noticias/antt-e-ministerio-dos-transportes-avancam-na-renovacao-antecipada-da-fca-com-previsao-de-r-24-bilhoes-em-investimentos
20;FCA e FNS;Números da renovação da FCA;Defasagem;R$ 30 → 24/34 → 27,6 bi · 5.725 → 4.100 km;NeoFeed (07/05/2026);Ainda cita R$ 30 bilhões em 30 anos e 5.725 km a manter (resumo da página);https://neofeed.com.br/economia/o-trunfo-logistico-de-r-1-bilhao-que-acelera-a-vli-no-mapa-ferroviario/es/
20;FCA e FNS;Números da renovação da FCA;Defasagem;R$ 30 → 24/34 → 27,6 bi · 5.725 → 4.100 km;O Tempo (22/05/2026);"R$ 27,6 bi (23,4 investimentos + 4,2 indenização); VLI com 4.110 km e devolução de 3.110 km";https://www.otempo.com.br/economia/2026/5/22/governo-fecha-acordo-de-r-27-bi-com-fca-que-opera-em-minas-e-vai-retomar-3-1-mil-km-de-trilhos
20;FCA e FNS;Números da renovação da FCA;Defasagem;R$ 30 → 24/34 → 27,6 bi · 5.725 → 4.100 km;Diário do Comércio (30/07/2026);"""pelo menos R$ 24 bilhões""; ~4.100 km mantidos, ~3.100 km devolvidos; segue ao TCU";https://diariodocomercio.com.br/legislacao/antt-renovacao-ferrovia-fca/
21;FCA e FNS;Vencimento do contrato atual;Não conclusivo;"27/ago × 31/ago × ""agosto de 2026""";Formulário de Referência FCA 2026, item 1.1;"Contrato assinado em 28/08/1996; concessão ""até agosto de 2026""";https://www.vli-logistica.com.br/wp-content/uploads/2026/08/Formulario-de-referencia-FCA-2026.pdf
21;FCA e FNS;Vencimento do contrato atual;Não conclusivo;"27/ago × 31/ago × ""agosto de 2026""";O Tempo (22/05/2026);Contrato atual vence em 27 de agosto, segundo a matéria;https://www.otempo.com.br/economia/2026/5/22/governo-fecha-acordo-de-r-27-bi-com-fca-que-opera-em-minas-e-vai-retomar-3-1-mil-km-de-trilhos
21;FCA e FNS;Vencimento do contrato atual;Não conclusivo;"27/ago × 31/ago × ""agosto de 2026""";O Tempo (21/07/2026);"Contrato ""acaba no dia 31 de agosto""; prorrogação de até dois anos confirmada pela VLI";https://www.otempo.com.br/economia/2026/7/21/governo-prorrogara-por-ate-2-anos-concessao-da-fca-apos-atraso-em-renovacao
22;FCA e FNS;Outorga na renovação;Divergência confirmada;Santander: há outorga · ANTT: substituída por investimento;Santander Credit Research (06/04/2026);"Renovação traria investimentos ""além do pagamento de outorga""";https://cms.santander.com.br/sites/WPS/documentos/arq-relatorio-vli/26-04-09_194551_20260406-vli.pdf
22;FCA e FNS;Outorga na renovação;Divergência confirmada;Santander: há outorga · ANTT: substituída por investimento;ANTT (02/04/2026);"""substituição do pagamento de outorga por investimentos diretos na malha ferroviária""";https://www.gov.br/antt/pt-br/assuntos/ultimas-noticias/antt-e-ministerio-dos-transportes-avancam-na-renovacao-antecipada-da-fca-com-previsao-de-r-24-bilhoes-em-investimentos
22;FCA e FNS;Outorga na renovação;Divergência confirmada;Santander: há outorga · ANTT: substituída por investimento;Diário do Comércio (10/04/2026);Não haverá pagamento de outorgas ao Tesouro Nacional (ciclo anterior: R$ 22 bi), segundo a matéria;https://diariodocomercio.com.br/economia/concessao-ferrovia-fca-minas-gerais/
23;FCA e FNS;Ferrovia Norte-Sul: 720 × 2.257 km;Escopo diferente (não é divergência);VLI opera o Tramo Norte (720 km);Relatório de Sustentabilidade 2024;Ferrovia Norte-Sul, Tramo Norte: 720 km;https://www.vli-logistica.com.br/wp-content/uploads/2025/08/RS2024_VLI_D6d.pdf
23;FCA e FNS;Ferrovia Norte-Sul: 720 × 2.257 km;Escopo diferente (não é divergência);VLI opera o Tramo Norte (720 km);O Imparcial (16/06/2023);"Norte-Sul ""possui 2.257 km de extensão""; trecho da Rumo com 1.537 km";https://oimparcial.com.br/noticias/2023/06/ferrovia-norte-sul-e-entregue-apos-36-anos-obra-deve-reduzir-preco-do-frete/
23;FCA e FNS;Ferrovia Norte-Sul: 720 × 2.257 km;Escopo diferente (não é divergência);VLI opera o Tramo Norte (720 km);Site PT · Quem somos;"Cita ""Ferrovia Norte-Sul (FNS)"" sem indicar o tramo";https://www.vli-logistica.com.br/quem-somos/
24;Site e presença digital;Nomes e número de corredores;Divergência confirmada;"4 (filtro PT) · 5 (EN e relatórios) · ""Sistemas"" no texto";Site PT · Quem somos;"Filtro: Leste, Minas-Bahia, Minas-Rio, Sudeste (sem Norte); textos usam ""Sistema Centro-Norte/Sudeste/Leste/Minas-Rio e Minas-Bahia""";https://www.vli-logistica.com.br/quem-somos/
24;Site e presença digital;Nomes e número de corredores;Divergência confirmada;"4 (filtro PT) · 5 (EN e relatórios) · ""Sistemas"" no texto";Site EN · About us;Filtro: Leste, Minas-Bahia, Minas-Rio, Norte, Sudeste;https://www.vli-logistica.com.br/en/about-us-en/
24;Site e presença digital;Nomes e número de corredores;Divergência confirmada;"4 (filtro PT) · 5 (EN e relatórios) · ""Sistemas"" no texto";Relatórios de Sustentabilidade 2024 e 2025;"""5 corredores logísticos""";https://www.vli-logistica.com.br/wp-content/uploads/2026/06/RS2025_-Versao-Final-10.06.26_compressed.pdf
25;Site e presença digital;Versão em inglês desatualizada;Defasagem;Notícia mais recente: 17/07 (PT: 07/10);Site EN · Home;Notícia mais recente: 17 de julho de 2026;https://www.vli-logistica.com.br/en/home-en/
25;Site e presença digital;Versão em inglês desatualizada;Defasagem;Notícia mais recente: 17/07 (PT: 07/10);Site PT · Home;Notícias até 07/10/2026;https://www.vli-logistica.com.br/
25;Site e presença digital;Versão em inglês desatualizada;Defasagem;Notícia mais recente: 17/07 (PT: 07/10);Site EN · About us e Board of Directors;"Menu ""EGS"" no lugar de ESG";https://www.vli-logistica.com.br/en/about-us-en/
25;Site e presença digital;Versão em inglês desatualizada;Defasagem;Notícia mais recente: 17/07 (PT: 07/10);Site EN · Home;"Título ""Home EN - VLI Logistica""; menu com ""Vagas"" sem tradução; meta description começa com ""Notícias Ler todas as notícias""";https://www.vli-logistica.com.br/en/home-en/
26;Site e presença digital;Defeitos técnicos (metadados, links);Divergência confirmada;Texto-modelo no meta description · links de homologação;Home PT (meta description);"""Notícias Ler todas as notícias NOSSOS NOVO TEXTO SERVIÇOS Soluções em Transporte ferroviário...""";https://www.vli-logistica.com.br/
26;Site e presença digital;Defeitos técnicos (metadados, links);Divergência confirmada;Texto-modelo no meta description · links de homologação;Home e RI (HTML);Links de produção apontam para staging.vli.vix.infobase.com.br e staging.vli-logistica.com.br;https://www.vli-logistica.com.br/relacoes-com-investidores/
26;Site e presença digital;Defeitos técnicos (metadados, links);Divergência confirmada;Texto-modelo no meta description · links de homologação;robots.txt;Responde 200 com arquivo vazio (0 bytes), sem referência ao sitemap;https://www.vli-logistica.com.br/robots.txt
26;Site e presença digital;Defeitos técnicos (metadados, links);Divergência confirmada;Texto-modelo no meta description · links de homologação;llms.txt;Existe (gerado pelo Yoast): ponto positivo para GEO, mas sem fatos-chave da empresa;https://www.vli-logistica.com.br/llms.txt
27;Site e presença digital;Avaliações como empregadora;Não conclusivo;Indeed 3,9 · InfoJobs 4,6 · Glassdoor n/d;"Indeed (dados obtidos por busca; acesso direto bloqueado)";"Nota 3,9 em 108 avaliações; faixa 5.001–10.000 funcionários; sede ""São Paulo""";https://br.indeed.com/cmp/Vli
28;Site e presença digital;Dados de segurança nas passagens;Consistente;Fontes batem, mas parte sem ano;Itatiaia (18/09/2025);"""Somente até agosto deste ano foram registrados 30 mil casos de evasão de cancelas""; ""26 mil ocorreram em Betim"" (o ano não aparece no texto, só ""deste ano"")";https://www.itatiaia.com.br/brasil/sudeste/mg/simulado-alerta-motoristas-sobre-imprudencias-em-travessia-de-ferrovia/
28;Site e presença digital;Dados de segurança nas passagens;Consistente;Fontes batem, mas parte sem ano;"Folha de S.Paulo no Instagram (22/09/2025; base Mar Aberto)";"""Em apenas oito meses ... 30 mil invasões de veículos em passagens ferroviárias ... 20 acidentes com vítimas""";https://www.instagram.com/reel/DO55U-OgKLq/
28;Site e presença digital;Dados de segurança nas passagens;Consistente;Fontes batem, mas parte sem ano;"OTM Editora no Facebook (18/09/2025; base Mar Aberto)";"""de janeiro a agosto deste ano foram registrados 20 acidentes, contra 23 no mesmo período do ano passado""";https://www.facebook.com/reel/1033093552112089/?v
