dia,dia_padded,data,data_ddmm,passagem,tema,contexto,leitura_texto,sintese_teologica,questao_estudo
1,01,"ago. 26, 2026",26/08,Isaías 1–4,"Juízo, culto e restauração","Isaías abre sua profecia dirigindo-se principalmente a Judá e Jerusalém. O povo conserva sacrifícios, festas e orações, mas a vida da aliança está marcada por rebelião, injustiça e idolatria.","O capítulo 1 apresenta a acusação que orienta a abertura do livro: a religião de Judá não compensa sua infidelidade. Nos capítulos 2 a 4, o horizonte se amplia. Isaías vê Sião como centro futuro da instrução do Senhor e da paz entre as nações, mas essa esperança passa pelo abatimento do orgulho, pelo juízo sobre Jerusalém e pela purificação do povo. Juízo e restauração, portanto, não aparecem como alternativas. O mesmo Deus que denuncia a corrupção de Judá promete produzir uma comunidade purificada e novamente marcada por sua presença.","A restauração prometida por Deus não ignora a infidelidade da aliança, mas passa por seu julgamento e purificação.",Como Isaías 1–4 articula juízo e esperança sem tratar a restauração como simples anulação das consequências da infidelidade?
2,02,"ago. 27, 2026",27/08,Isaías 5–8,A vinha infiel e a crise da fé,A denúncia contra Judá se intensifica e passa a ser ligada diretamente ao chamado de Isaías e à crise política dos dias de Acaz. O avanço assírio coloca diante do rei e do povo a questão central da confiança.,"A canção da vinha, no capítulo 5, descreve Israel como plantação cuidadosamente cultivada que produziu fruto mau, especialmente injustiça e violência. No capítulo 6, Isaías contempla a santidade do Senhor e recebe uma missão que também expõe o endurecimento do povo. Os capítulos 7 e 8 transferem essa tensão para a política: Acaz prefere calcular alianças e ameaças a descansar na palavra de Deus. O sinal de Emanuel garante que Deus não perdeu o controle da história, mas a incredulidade de Judá transforma a própria Assíria em instrumento de disciplina.",A santidade e a soberania de Deus exigem uma confiança que não pode ser substituída por segurança política ou religiosa.,De que modo os capítulos 5–8 relacionam a condição espiritual de Judá à recusa de Acaz em confiar na palavra do Senhor?
3,03,"ago. 28, 2026",28/08,Isaías 9–12,"Juízo, remanescente e o Rei prometido","Depois da crise apresentada nos capítulos anteriores, Isaías reúne anúncios de juízo contra a arrogância de Israel e da Assíria com promessas de um governo futuro estabelecido por Deus.","A luz que surge em meio às trevas é associada ao nascimento e ao governo de um rei cuja justiça não terá fim. Ao mesmo tempo, Isaías insiste que o pecado de Israel e a arrogância da Assíria serão julgados. A Assíria é instrumento nas mãos de Deus, não poder autônomo, e também responderá por sua soberba. Do tronco aparentemente cortado de Jessé surgirá um rebento sobre quem repousará o Espírito do Senhor. Esse governo justo reunirá o remanescente e produzirá uma ordem marcada pelo conhecimento de Deus. O capítulo 12 conclui a seção com louvor pela salvação.","A esperança do povo não está na permanência de seus poderes presentes, mas no Rei que Deus estabelece e no remanescente que ele preserva.",Como a figura do governante prometido em Isaías 9 e 11 responde simultaneamente ao fracasso de Israel e à ameaça dos impérios?
4,04,"ago. 29, 2026",29/08,Isaías 13–16,O Senhor das nações,Isaías inicia uma série de oráculos contra povos vizinhos e grandes potências. O foco deixa temporariamente Jerusalém para mostrar que o governo do Senhor alcança também as nações.,"Babilônia aparece primeiro como símbolo de poder arrogante destinado à queda. A linguagem do Dia do Senhor amplia o julgamento para além de um conflito local e apresenta Deus como juiz da soberba humana. A Assíria e a Filístia também são colocadas sob seu decreto. Nos capítulos 15 e 16, o oráculo contra Moabe combina devastação com lamento, impedindo que o juízo seja lido como simples celebração da ruína alheia. A sequência desloca a percepção de Israel: as nações que parecem determinar a história também estão submetidas à palavra do Senhor.","Nenhum poder político possui autonomia diante de Deus, e seu juízo sobre as nações não elimina a seriedade humana do sofrimento.",Que aspectos dos oráculos de Isaías 13–16 impedem que o juízo das nações seja entendido apenas como triunfo nacional de Judá?
5,05,"ago. 30, 2026",30/08,Isaías 17–20,Falsas seguranças em um mundo instável,"Os oráculos continuam em meio às disputas entre pequenos reinos e grandes impérios. Judá é tentada a interpretar Egito, Cuxe e outras potências como possíveis fontes de proteção contra a Assíria.","Damasco e o reino do Norte são apresentados como poderes destinados à ruína, enquanto o capítulo 18 volta-se para Cuxe e reafirma que o Senhor observa e dirige os movimentos das nações. O capítulo 19 anuncia juízo sobre o Egito, mas termina de modo surpreendente, imaginando Egito, Assíria e Israel reunidos sob a bênção de Deus. No capítulo 20, a ação simbólica de Isaías expõe a fragilidade de confiar no Egito e em Cuxe contra a Assíria. O conjunto não condena apenas determinadas alianças. Ele questiona a lógica pela qual Judá procura segurança em poderes igualmente vulneráveis ao governo de Deus.",A confiança em potências humanas se torna ilusória quando todas elas permanecem sujeitas ao mesmo Senhor da história.,Como Isaías 17–20 usa o destino das nações para desmontar a expectativa de que alianças internacionais poderiam garantir a segurança de Judá?
6,06,"ago. 31, 2026",31/08,Isaías 21–23,A queda do que parecia seguro,"A sequência de oráculos se volta para Babilônia, Edom, Arábia, Jerusalém e Tiro. Cidades e povos muito diferentes são reunidos por uma mesma realidade: nenhum deles possui estabilidade própria.","O anúncio da queda da Babilônia contrasta com sua aparência de poder. Edom e Arábia recebem palavras marcadas por incerteza e ameaça. No capítulo 22, a atenção chega à própria Jerusalém: em vez de responder ao perigo com arrependimento, a cidade celebra e confia em suas defesas. A substituição de Sebna por Eliaquim mostra que até posições internas de autoridade estão sob julgamento. Tiro, grande centro comercial, encerra a seção sendo humilhada apesar de sua riqueza e influência. O problema comum não é apenas poder, mas a segurança construída como se o Senhor não fosse o verdadeiro agente da história.","Poder militar, posição e riqueza não sustentam aquilo que Deus decidiu humilhar.","Qual é o vínculo entre Babilônia, Jerusalém e Tiro nesses oráculos, apesar das diferenças políticas e econômicas entre elas?"
7,07,"set. 1, 2026",01/09,Isaías 24–27,Juízo universal e esperança final,"Depois de vários oráculos dirigidos a nações específicas, Isaías amplia a cena. Os capítulos 24 a 27 descrevem o juízo e a salvação em escala muito maior, frequentemente chamados de seção apocalíptica de Isaías.","A terra é retratada sob julgamento porque seus habitantes transgrediram e romperam aquilo que deveria ordenar a vida diante de Deus. Em contraste, o Senhor reina e prepara um banquete para os povos, remove a desonra e vence a própria morte. O cântico do capítulo 26 combina confiança com espera, enquanto o capítulo 27 retoma a imagem da vinha, agora cuidada pelo próprio Senhor, e anuncia a reunião do povo disperso. A passagem move-se da desolação para uma esperança que ultrapassa a simples recuperação política de Judá.","O juízo de Deus alcança a ordem humana corrompida, mas sua salvação aponta para uma restauração de alcance universal e até para a derrota da morte.",Que mudanças de escala em Isaías 24–27 mostram que a esperança apresentada vai além da restauração nacional de Judá?
8,08,"set. 2, 2026",02/09,Isaías 28–31,Ai dos que procuram segurança fora do Senhor,"Isaías retorna à crise de Judá e às estratégias políticas adotadas diante da Assíria. A repetição de pronunciamentos de “ai” organiza uma denúncia contra líderes, profetas e conselheiros que recusam a palavra de Deus.","Efraim e Jerusalém são acusados de embriaguez, arrogância e incapacidade de ouvir. A falsa confiança é descrita como uma aliança com a morte, em contraste com a pedra firme estabelecida pelo Senhor. Jerusalém, chamada Ariel, será cercada, e sua religião é denunciada por aproximar-se de Deus apenas com os lábios. Nos capítulos 30 e 31, o problema político ganha forma explícita: buscar cavalos e proteção no Egito significa rejeitar a direção do Senhor. A crítica não é à prudência em si, mas à tentativa de construir segurança ignorando a palavra divina.",A incredulidade pode assumir a forma de planejamento competente quando a segurança é construída em oposição à palavra de Deus.,Como a linguagem religiosa dos capítulos 28–29 e a política dos capítulos 30–31 revelam duas expressões do mesmo problema de confiança?
9,09,"set. 3, 2026",03/09,Isaías 32–35,Do governo justo ao caminho de retorno,"Esses capítulos concluem a longa seção de advertências ligada à ameaça assíria. A alternância entre juízo e restauração se torna especialmente forte, preparando a narrativa histórica que vem a seguir.","Isaías descreve um rei que governa com justiça e uma sociedade em que olhos, ouvidos e entendimento deixam de estar fechados. A falsa tranquilidade é confrontada, e a transformação decisiva é associada ao derramamento do Espírito, que converte o deserto em campo fértil. O capítulo 33 retorna ao opressor e à expectativa da intervenção do Senhor. O julgamento de Edom no capítulo 34 contrasta com a renovação do deserto no capítulo 35, onde surge um caminho de santidade pelo qual os resgatados retornam a Sião. A restauração é apresentada como reversão da desordem produzida pelo pecado e pela opressão.","O governo restaurador de Deus envolve justiça, ação do Espírito, derrota do opressor e retorno do povo à sua presença.",Como o contraste entre Isaías 34 e 35 contribui para a compreensão do que significa restauração nesta seção?
10,10,"set. 4, 2026",04/09,Isaías 36–39,Ezequias entre confiança e vulnerabilidade,"Os capítulos 36 a 39 formam uma narrativa histórica que conecta as duas grandes partes do livro. Ezequias enfrenta primeiro a ameaça assíria e, depois, recebe emissários da Babilônia.","Rabsaqué procura destruir a confiança de Jerusalém ridicularizando a possibilidade de o Senhor livrá-la. Ezequias responde buscando a palavra de Isaías e orando, e a ameaça assíria termina sob o juízo de Deus. Em seguida, a doença do rei e sua recuperação confirmam novamente a intervenção divina. O capítulo 39, porém, muda o tom: Ezequias exibe seus tesouros aos enviados babilônicos, e Isaías anuncia que esses mesmos bens e descendentes serão levados para Babilônia. O rei que confiou durante a crise não se torna, por isso, a solução definitiva para o problema de Judá.","A libertação concedida por Deus confirma sua fidelidade, mas até um rei piedoso permanece incapaz de assegurar o futuro do povo.",Que função literária o episódio da embaixada babilônica exerce depois do livramento da Assíria nos capítulos 36–38?
11,11,"set. 5, 2026",05/09,Isaías 40–43,Consolação e o Deus incomparável,"Com o anúncio do exílio já colocado diante do leitor, o tom do livro muda. Isaías 40 inicia uma palavra de consolação dirigida a um povo que experimentará a disciplina de Deus e precisará reaprender a esperar nele.","A voz que anuncia consolo apresenta o retorno como um novo êxodo e fundamenta essa esperança no caráter do Senhor. Diferente dos ídolos, ele cria, conhece e governa todas as coisas. Israel, embora cansado e temeroso, continua sendo chamado servo escolhido. Nos capítulos 42 e 43 surge com mais clareza a figura do Servo e a linguagem de redenção: Deus promete conduzir seu povo através das águas, reunir os dispersos e fazer algo novo. A restauração não nasce da capacidade de Israel de reverter sua situação, mas da identidade daquele que o criou, chamou e resgatou.",A esperança do exílio é sustentada pela singularidade de Deus e por sua fidelidade em redimir o povo que escolheu.,"Como Isaías 40–43 fundamenta a promessa de restauração no caráter de Deus, e não em uma mudança prévia na capacidade de Israel?"
12,12,"set. 6, 2026",06/09,Isaías 44–47,"Ídolos, Ciro e a queda da Babilônia","A polêmica contra a idolatria continua enquanto Isaías passa a nomear o agente histórico que será usado na libertação: Ciro, rei persa. O contraste é entre deuses fabricados e o Senhor que dirige acontecimentos antes que ocorram.","O capítulo 44 ridiculariza a incoerência de produzir um ídolo com a mesma madeira usada para tarefas comuns. Em contraste, o Senhor forma Israel e anuncia sua restauração. Ciro é chamado pastor e ungido porque cumprirá um propósito divino, ainda que não conheça o Senhor como Israel o conhece. Essa afirmação amplia a soberania de Deus sobre governantes estrangeiros. O capítulo 46 volta a contrastar ídolos carregados por seus adoradores com o Deus que carrega seu povo. Babilônia, no capítulo 47, perde a posição que julgava permanente. Sua confiança em poder, luxo e saber oculto não a preserva.",O Deus de Israel não precisa ser sustentado por seus adoradores e pode usar até governantes estrangeiros para cumprir seus propósitos.,Como o contraste entre os ídolos e Ciro em Isaías 44–47 desenvolve o argumento de que somente o Senhor governa efetivamente a história?
13,13,"set. 7, 2026",07/09,Isaías 48–51,O Servo e a consolação de Sião,Isaías volta a confrontar a obstinação de Israel ao mesmo tempo que desenvolve a missão do Servo. A restauração prometida precisa responder tanto ao exílio externo quanto ao problema interno da infidelidade.,"O capítulo 48 lembra que Israel ouve o nome do Senhor, mas permanece resistente. Ainda assim, Deus anuncia a saída da Babilônia. Nos capítulos 49 e 50, o Servo aparece chamado desde o ventre, incumbido de restaurar Israel e também de levar a salvação às nações. Sua missão envolve obediência e sofrimento, em contraste com a desobediência do povo. O capítulo 51 dirige os ouvintes a Abraão, à fidelidade passada de Deus e à promessa de consolação de Sião. A esperança passa, portanto, por uma ação divina capaz de restaurar o povo e ampliar a bênção além dele.",A restauração de Israel depende da fidelidade de Deus e da missão de um Servo cuja obediência alcança Israel e as nações.,De que maneira Isaías 48–51 contrasta a obstinação de Israel com a obediência do Servo e que função esse contraste exerce no argumento da restauração?
14,14,"set. 8, 2026",08/09,Isaías 52–55,O Servo sofredor e o convite à aliança,"A consolação de Sião chega a um de seus pontos centrais. A libertação anunciada é descrita em termos de boas notícias, retorno do Senhor a Sião e atuação do Servo, cuja exaltação passa por sofrimento extremo.","Isaías 52 anuncia a chegada da salvação e introduz o cântico do Servo que se estende até 53. Ele é rejeitado, sofre sem culpa própria e carrega as iniquidades de outros, mas depois de sua aflição é vindicado. O capítulo 54 apresenta Sião restaurada e a permanência do compromisso de Deus. Em Isaías 55, a resposta adequada é vir, ouvir e receber gratuitamente aquilo que não pode ser comprado. A promessa davídica é retomada e a eficácia da palavra divina garante que o propósito de Deus não ficará sem resultado.",A restauração é apresentada como obra de Deus realizada por meio do Servo e recebida como graça dentro da fidelidade da aliança.,Como Isaías 52–55 relaciona o sofrimento do Servo à restauração de Sião e ao convite dirigido aos que recebem a palavra de Deus?
15,15,"set. 9, 2026",09/09,Isaías 56–59,A comunidade restaurada e a persistência do pecado,A promessa de retorno não encerra a questão da fidelidade. Isaías passa a tratar da forma de vida esperada do povo e mostra que a restauração externa não resolve automaticamente o problema moral e espiritual.,"O capítulo 56 inclui estrangeiros e eunucos que se unem ao Senhor, enquanto denuncia líderes incapazes de pastorear. O capítulo 57 contrasta idolatria com a presença de Deus junto ao contrito. Em Isaías 58, o jejum é julgado a partir de sua relação com justiça, misericórdia e tratamento do próximo. O capítulo 59 aprofunda o diagnóstico: não é a incapacidade do Senhor que impede a salvação, mas as iniquidades do povo. A confissão coletiva prepara o anúncio de que o próprio Deus intervém como guerreiro e redentor. A seção evita qualquer ideia de que voltar à terra seja equivalente a estar plenamente restaurado.","A restauração da aliança exige uma comunidade transformada, porque o problema que produziu o exílio permanece presente no coração e na vida social.","Como Isaías 56–59 demonstra que o retorno e a prática religiosa, isoladamente, são insuficientes para definir uma comunidade restaurada?"
16,16,"set. 10, 2026",10/09,Isaías 60–63,A glória de Sião e a intervenção do Senhor,"A visão de restauração assume linguagem de luz, glória e reunião das nações. Ao mesmo tempo, a seção mantém a tensão entre salvação e juízo, mostrando que a renovação de Sião depende da atuação decisiva do Senhor.","Isaías 60 descreve Sião iluminada pela glória de Deus e recebendo povos e riquezas de longe. No capítulo 61, um personagem ungido pelo Espírito anuncia boas notícias, liberdade e o ano do favor do Senhor. O capítulo 62 insiste na nova identidade de Sião e na certeza de que Deus não a abandonará. Em contraste, Isaías 63 apresenta o guerreiro que vem de Edom após executar juízo e, em seguida, recorda a história da misericórdia divina e da rebelião de Israel. A salvação futura é inseparável tanto da presença gloriosa de Deus quanto de sua resposta à injustiça.","A glória futura de Sião resulta da intervenção do Senhor, que salva, renova e julga aquilo que se opõe ao seu governo.","Como Isaías 60–63 combina atração das nações, missão do ungido e juízo para descrever a restauração de Sião?"
17,17,"set. 11, 2026",11/09,Isaías 64–66,"Clamor, juízo e nova criação","O encerramento de Isaías nasce de uma oração que pede a Deus que intervenha novamente. O povo reconhece sua impureza e, ao mesmo tempo, apela ao relacionamento do Senhor com aqueles que ele formou.","Isaías 64 pede que Deus rasgue os céus e manifeste sua presença, confessando que a justiça humana não pode resolver a situação. Nos capítulos 65 e 66, a resposta divina distingue entre aqueles que persistem na rebelião e os servos que o buscam. A esperança alcança a promessa de novos céus e nova terra, onde a ordem anterior de dor é superada. Jerusalém é novamente descrita como lugar de alegria e consolo, e as nações são reunidas para contemplar a glória do Senhor. O livro termina, porém, preservando a realidade do juízo, impedindo uma esperança que banalize a rebelião.",A esperança final de Isaías aponta para uma nova criação na qual a presença e a justiça de Deus estabelecem uma ordem definitiva.,Como Isaías 64–66 transforma a expectativa de restauração de Jerusalém em uma esperança de nova criação sem eliminar o tema do juízo?
18,18,"set. 12, 2026",12/09,Jeremias 1–4,Chamado profético e aliança abandonada,"Jeremias é chamado durante os últimos anos do reino de Judá, quando a crise política e espiritual se aproxima de seu desfecho. Sua missão envolve anunciar tanto destruição quanto futura reconstrução.","O capítulo 1 estabelece a autoridade da palavra profética: Jeremias é conhecido e separado antes do nascimento, e o Senhor vigia sobre sua palavra para cumpri-la. Nos capítulos 2 e 3, a infidelidade de Judá é descrita principalmente em linguagem relacional. O povo abandonou a fonte de águas vivas, buscou outros deuses e rompeu a fidelidade da aliança. O chamado ao retorno é real, mas não pode ser reduzido a palavras superficiais. No capítulo 4, a ameaça do norte ganha intensidade, mostrando que a ruptura da aliança possui consequências históricas concretas.","O juízo anunciado por Jeremias nasce da ruptura persistente da aliança, enquanto o chamado ao retorno revela que Deus ainda confronta o povo visando uma resposta verdadeira.","Que função a linguagem de casamento, abandono e retorno exerce na descrição do pecado de Judá em Jeremias 1–4?"
19,19,"set. 13, 2026",13/09,Jeremias 5–8,Falsa segurança e culto sem fidelidade,"Jeremias aprofunda a acusação contra Jerusalém e atinge diretamente a confiança depositada no templo. A existência do santuário havia se tornado, para muitos, garantia de proteção independentemente da vida da aliança.","Os capítulos 5 e 6 descrevem corrupção disseminada entre líderes, profetas e povo, enquanto a invasão do norte se aproxima. No capítulo 7, Jeremias é enviado ao templo para confrontar a fórmula de segurança associada ao lugar santo. Sacrifícios e presença física no santuário não substituem justiça, obediência e abandono da idolatria. Siló funciona como precedente: um local associado à presença de Deus também pôde ser entregue ao juízo. O capítulo 8 mostra a recusa em reconhecer o próprio desvio e denuncia líderes que tratam superficialmente a ferida do povo anunciando paz onde não há paz.",O templo não funciona como proteção automática quando o povo usa o culto para encobrir a violação da aliança.,Como Jeremias 5–8 desmonta a relação automática que os ouvintes estabeleciam entre possuir o templo e permanecer seguros diante de Deus?
20,20,"set. 14, 2026",14/09,Jeremias 9–12,Conhecer o Senhor em uma sociedade infiel,"Depois das denúncias anteriores, Jeremias alterna lamento, acusação e oração. A corrupção social é apresentada como resultado de uma ruptura mais profunda no conhecimento e na fidelidade ao Senhor.","Jeremias 9 descreve uma sociedade em que mentira, engano e violência corroem as relações. Nesse contexto surge o chamado para que ninguém se glorie em sabedoria, força ou riqueza, mas em compreender e conhecer o Senhor, que pratica misericórdia, justiça e retidão. O capítulo 10 contrasta o Deus vivo com ídolos incapazes de agir. Em Jeremias 11, a linguagem da aliança reaparece e o profeta descobre uma conspiração contra sua própria vida. No capítulo 12, ele leva a Deus a questão da prosperidade dos perversos. A fidelidade profética não o isenta da perplexidade nem do sofrimento produzido pelo mesmo ambiente que ele denuncia.","Conhecer o Senhor significa reconhecer seu caráter e viver sob a realidade de sua aliança, mesmo quando essa fidelidade traz conflito.","Como Jeremias 9–12 relaciona o verdadeiro conhecimento de Deus com a crítica à falsa sabedoria, à idolatria e à infidelidade da aliança?"
21,21,"set. 15, 2026",15/09,Jeremias 13–16,Sinais de juízo e a profundidade da rebelião,Jeremias passa a usar ações simbólicas e imagens fortes para tornar visível a condição de Judá. O juízo deixa de ser apenas anunciado em palavras e aparece representado na própria experiência do profeta e do povo.,"O cinto arruinado do capítulo 13 simboliza uma relação que deveria ter sido próxima, mas foi corrompida pelo orgulho. A seca do capítulo 14 expõe vulnerabilidade e leva Jeremias à intercessão, embora o Senhor denuncie profetas que prometem segurança sem terem sido enviados. No capítulo 15, o profeta lamenta o peso de sua missão e recebe novamente o chamado à fidelidade. Em Jeremias 16, sua própria vida familiar se torna sinal da calamidade que virá. O conjunto mostra uma rebelião tão persistente que fórmulas religiosas e intercessões superficiais já não podem ser usadas para negar suas consequências.",A persistência na infidelidade transforma o juízo anunciado em uma realidade histórica que nem mensagens religiosas tranquilizadoras podem remover.,"Como as ações simbólicas, a seca e a experiência pessoal de Jeremias aprofundam o diagnóstico da infidelidade de Judá nos capítulos 13–16?"
22,22,"set. 16, 2026",16/09,Jeremias 17–20,"Confiança, formação e sofrimento profético","A palavra de Jeremias volta-se ao coração de Judá e, ao mesmo tempo, expõe o custo pessoal de anunciá-la. A seção reúne instrução, imagens de formação e relatos de oposição ao profeta.","Jeremias 17 contrasta quem confia no ser humano com quem confia no Senhor e descreve o coração como difícil de conhecer plenamente. A observância do sábado aparece como teste concreto da disposição de ouvir. No capítulo 18, a visita à casa do oleiro mostra que o anúncio profético não é fatalismo: a resposta de uma nação à palavra pode alterar o modo como o juízo ou a bênção se realiza. O vaso quebrado do capítulo 19, porém, comunica a gravidade de uma resistência persistente. No capítulo 20, Pasur agride Jeremias, e o profeta lamenta uma missão da qual não consegue simplesmente escapar.","A palavra de Deus confronta o coração e chama à resposta, enquanto a fidelidade do mensageiro pode envolver sofrimento real.","Como as imagens do oleiro e do vaso quebrado em Jeremias 18–19 esclarecem a relação entre anúncio de juízo, resposta humana e endurecimento persistente?"
23,23,"set. 17, 2026",17/09,Jeremias 21–24,"Reis, pastores e o Renovo justo","Com Jerusalém ameaçada pela Babilônia, Jeremias dirige palavras específicas à casa real. O fracasso dos reis de Judá se torna parte do argumento sobre a necessidade de um governo diferente.","No capítulo 21, Zedequias procura uma intervenção semelhante aos antigos livramentos, mas recebe uma palavra de juízo. Jeremias 22 avalia reis de Judá a partir da justiça, especialmente no tratamento dos vulneráveis, e denuncia a confiança em palácios e poder. O capítulo 23 amplia a crítica aos pastores que dispersaram o rebanho e contrapõe a eles a promessa de um Renovo davídico que reinará com justiça. A denúncia também alcança falsos profetas que afirmam falar pelo Senhor sem terem estado em seu conselho. No capítulo 24, os dois cestos de figos interpretam de modo surpreendente os exilados como grupo através do qual Deus realizará futura restauração.",O fracasso da liderança de Judá prepara a esperança de um governo justo que depende da iniciativa e da fidelidade de Deus.,Como Jeremias 21–24 transforma a crise da monarquia davídica em fundamento para a promessa de um futuro Renovo justo?
24,24,"set. 18, 2026",18/09,Jeremias 25–28,A palavra de Deus contra a falsa profecia,A queda de Judá está próxima e Jeremias precisa explicar tanto sua duração quanto o conflito entre sua mensagem e as vozes que prometem rápido livramento.,"Jeremias 25 resume anos de advertência rejeitada e anuncia o domínio babilônico por um período determinado, sem transformar a Babilônia em poder definitivo. O capítulo 26 recorda a oposição ao sermão do templo e mostra que a autenticidade do profeta não depende da aceitação pública. Nos capítulos 27 e 28, o jugo colocado por Jeremias simboliza a necessidade de submeter-se temporariamente à Babilônia. Hananias quebra o jugo e anuncia libertação imediata, mas sua mensagem é desmentida pelos acontecimentos. O conflito evidencia que uma profecia agradável não se torna verdadeira apenas por usar linguagem religiosa ou prometer um resultado desejável.","A palavra profética deve ser julgada pela fidelidade ao que Deus revelou, não pela conveniência da mensagem ou pela segurança que produz.",Quais critérios internos à narrativa de Jeremias 25–28 diferenciam a mensagem de Jeremias da profecia de Hananias?
25,25,"set. 19, 2026",19/09,Jeremias 29–32,Esperança no exílio e nova aliança,"Jeremias passa a falar a uma comunidade que precisa aprender a viver no exílio sem confundir esperança com retorno imediato. A restauração é prometida, mas não pela negação da disciplina presente.","A carta do capítulo 29 orienta os exilados a construir casas, formar famílias e buscar o bem da cidade, pois o exílio terá duração real. Os capítulos 30 e 31 reúnem promessas de restauração, retorno e renovação da relação com Deus. A nova aliança de Jeremias 31 responde diretamente ao fracasso anterior: a instrução do Senhor será escrita no coração e o conhecimento de Deus caracterizará a comunidade. No capítulo 32, enquanto Jerusalém está sitiada, Jeremias compra um campo como sinal concreto de que casas e terras ainda voltarão a ser possuídas. A esperança bíblica aqui não evita o juízo, mas nasce da promessa de Deus além dele.",Deus promete restaurar o povo por meio de uma obra que inclui retorno histórico e renovação interna da aliança.,"Como Jeremias 29–32 impede que a esperança seja entendida como fuga imediata do exílio e, ao mesmo tempo, a fundamenta em uma transformação mais profunda?"
26,26,"set. 20, 2026",20/09,Jeremias 33–36,"Promessa, fidelidade e recusa da palavra","Depois das grandes promessas de restauração, Jeremias coloca lado a lado a fidelidade de Deus, exemplos de obediência humana e a rejeição deliberada da palavra profética.","O capítulo 33 retoma a restauração de Jerusalém e a promessa ligada à casa de Davi e ao sacerdócio. Jeremias 34 denuncia a libertação temporária dos escravos que logo é revertida, mostrando uma obediência sem permanência. Em contraste, os recabitas do capítulo 35 mantêm fielmente a orientação recebida de seu ancestral e se tornam comparação incômoda para Judá, que repetidamente ignora a palavra do Senhor. No capítulo 36, Baruque registra as palavras de Jeremias, mas o rei Jeoaquim corta e queima o rolo à medida que ele é lido. O gesto não destrói a palavra, que é registrada novamente, mas revela a disposição do rei diante dela.",A permanência da palavra de Deus contrasta com a obediência instável ou a rejeição deliberada daqueles que a recebem.,"Como Jeremias 33–36 usa diferentes respostas à palavra para distinguir promessa divina, obediência concreta e resistência deliberada?"
27,27,"set. 21, 2026",21/09,Jeremias 37–40,A queda de Jerusalém,"Os anúncios de Jeremias chegam ao seu cumprimento histórico. A narrativa acompanha os últimos dias da cidade, a prisão do profeta e a conquista babilônica.","Zedequias procura Jeremias, mas permanece incapaz de agir consistentemente segundo a palavra recebida. O profeta é preso e lançado numa cisterna por ser acusado de enfraquecer a resistência militar. Mesmo diante da pressão, sua mensagem não muda: Jerusalém cairá e a rendição é o caminho de preservação possível. O capítulo 39 narra a entrada dos babilônios, a captura de Zedequias e a destruição da cidade. Jeremias é poupado, e o capítulo 40 inicia a vida sob Gedalias. A narrativa mostra que a queda não surgiu de ausência de advertência, mas de longa recusa em responder a ela.",O cumprimento do juízo confirma a seriedade da palavra que Judá ouviu repetidamente e decidiu rejeitar.,Como a indecisão de Zedequias em Jeremias 37–40 funciona como retrato político da resistência de Judá à palavra profética?
28,28,"set. 22, 2026",22/09,Jeremias 41–44,"Depois da queda, a resistência permanece","A destruição de Jerusalém não encerra os conflitos do povo. O pequeno remanescente deixado na terra enfrenta assassinato, medo e a decisão de fugir para o Egito.","Ismael assassina Gedalias, comprometendo a frágil reorganização estabelecida após a queda. Joanã e outros líderes libertam sobreviventes e procuram Jeremias antes de decidir o que fazer. Eles afirmam que obedecerão à palavra do Senhor, mas, quando recebem a orientação para permanecer na terra, rejeitam-na e seguem para o Egito. Jeremias é levado com eles. No capítulo 44, o profeta confronta a continuidade da idolatria entre os refugiados, que chegam a defender seu culto à chamada rainha dos céus. A experiência do juízo não produziu automaticamente interpretação correta nem arrependimento.",Sofrer as consequências da infidelidade não transforma por si só o coração; a palavra ainda precisa ser ouvida e recebida.,Como Jeremias 41–44 mostra a diferença entre buscar orientação profética e estar realmente disposto a obedecer ao que será dito?
29,29,"set. 23, 2026",23/09,Jeremias 45–48,Baruque e as nações sob o governo de Deus,A atenção se desloca de Judá para indivíduos e povos ao redor. O pequeno oráculo a Baruque introduz uma sequência que mostra o alcance da soberania divina para além de Jerusalém.,"Jeremias 45 dirige-se a Baruque, cansado e aflito, e o adverte a não buscar grandeza pessoal num tempo em que o próprio Senhor está derrubando aquilo que edificou. Os capítulos seguintes iniciam oráculos contra as nações. O Egito, que parecia alternativa de segurança, é derrotado. A Filístia enfrenta destruição, e Moabe é julgado por orgulho, complacência e confiança em seus próprios recursos e deuses. Mesmo assim, o oráculo contra Moabe termina com uma nota de futura restauração. A sequência impede uma leitura em que apenas Judá responde diante de Deus.","O governo do Senhor alcança indivíduos e nações, relativizando tanto ambições pessoais quanto a aparente estabilidade dos poderes políticos.",Que relação pode ser observada entre a palavra dirigida a Baruque e os oráculos contra as nações em Jeremias 45–48?
30,30,"set. 24, 2026",24/09,Jeremias 49–52,O fim de Judá e a queda dos impérios,"Jeremias encerra seus oráculos contra as nações antes de retornar, no capítulo final, à queda de Jerusalém. O livro termina mantendo lado a lado o juízo sobre Judá e a limitação do poder babilônico.","Jeremias 49 anuncia juízo sobre vários povos, incluindo Amom, Edom, Damasco e Elão. Os capítulos 50 e 51 concentram-se na Babilônia, o instrumento que Deus usou contra Judá, mas que não fica isento de julgamento por sua violência e arrogância. A queda da Babilônia é associada à futura restauração de Israel e Judá. O capítulo 52 retoma a destruição de Jerusalém, o exílio e a perda dos utensílios do templo. O breve relato final sobre Joaquim, porém, introduz uma pequena abertura de esperança dentro da casa real de Davi.",Deus pode usar impérios em seu juízo sem conceder a eles soberania absoluta nem permitir que sua promessa ao povo desapareça.,Como o juízo sobre Babilônia nos capítulos 50–51 modifica a leitura da queda de Jerusalém retomada no capítulo 52?
31,31,"set. 25, 2026",25/09,Lamentações 1–3,"Dor, confissão e esperança no meio da ruína","Lamentações responde poeticamente à queda de Jerusalém. A cidade destruída não é tratada apenas como evento político, mas como catástrofe teológica e humana que precisa ser lamentada diante de Deus.","Os capítulos 1 e 2 personificam Jerusalém como mulher enlutada e descrevem a devastação como consequência do pecado, sem minimizar a violência sofrida. O lamento reconhece a justiça do juízo e, ao mesmo tempo, leva a dor ao próprio Senhor. No capítulo 3, uma voz individual assume o sofrimento de modo intenso, mas a memória da misericórdia e da fidelidade de Deus interrompe o movimento de desespero. Essa esperança não apaga a aflição nem afirma que a crise terminou. Ela nasce daquilo que o poeta sabe sobre o caráter de Deus enquanto continua esperando e examinando seus caminhos.","A esperança de Lamentações não nega o juízo nem a dor, mas se sustenta na fidelidade de Deus em meio a uma situação ainda não resolvida.",Como Lamentações 1–3 constrói esperança sem enfraquecer a responsabilidade de Jerusalém nem a gravidade de seu sofrimento?
32,32,"set. 26, 2026",26/09,Lamentações 4–5,Memória da queda e súplica por restauração,"Os capítulos finais retomam a devastação de Jerusalém e conduzem o livro para uma oração coletiva. O lamento não termina com uma restauração já realizada, mas com a comunidade ainda dependente da intervenção de Deus.","Lamentações 4 contrasta a antiga dignidade de Jerusalém com a condição produzida pelo cerco e pela queda. A responsabilidade de líderes e profetas é lembrada, assim como a falsa expectativa de ajuda externa. O capítulo 5 transforma a memória da catástrofe em súplica: terra, casas, segurança e dignidade foram perdidas, e o povo pede que Deus veja sua condição. A afirmação de que o Senhor permanece para sempre fornece o fundamento para pedir renovação, mas o livro encerra preservando uma tensão real. A comunidade não controla o tempo nem a forma da restauração.",A oração final reconhece que somente o Deus que permanece pode restaurar um povo que perdeu aquilo em que se apoiava.,"Que efeito teológico produz o fato de Lamentações terminar com uma súplica aberta, e não com a descrição da restauração já cumprida?"
33,33,"set. 27, 2026",27/09,Ezequiel 1–4,A glória de Deus e o chamado do profeta,"Ezequiel recebe sua vocação entre os exilados na Babilônia. Antes de explicar a queda de Jerusalém, ele é confrontado com uma visão da glória do Senhor fora da terra e do templo.","A visão do capítulo 1 combina movimento, majestade e transcendência, mostrando que a presença divina não está confinada a Jerusalém. No capítulo 2, Ezequiel é enviado a uma casa rebelde e recebe um rolo que deve comer, imagem de uma palavra que precisa tornar-se parte de sua própria missão antes de ser proclamada. O capítulo 3 reforça sua responsabilidade como sentinela. Em Ezequiel 4, ações simbólicas representam o cerco, a culpa e a escassez que alcançarão Jerusalém. A ordem é importante: o juízo que será anunciado procede do Deus cuja glória continua soberana mesmo no exílio.",A missão profética de Ezequiel nasce da visão de um Deus cuja presença e autoridade não foram derrotadas pela crise nacional.,Por que a visão da glória em Ezequiel 1 é necessária para interpretar corretamente as ações de juízo apresentadas nos capítulos seguintes?
34,34,"set. 28, 2026",28/09,Ezequiel 5–8,Jerusalém julgada e o templo profanado,"As ações simbólicas do início do livro passam a ser explicadas com maior clareza. Jerusalém, que se considera centro privilegiado, é acusada de ter respondido à eleição de Deus com rebelião ainda mais grave.","Ezequiel 5 interpreta o cerco como juízo sobre uma cidade que rejeitou os estatutos do Senhor. Os capítulos 6 e 7 anunciam o fim dos santuários idólatras e desmontam a confiança em riqueza e posição. No capítulo 8, o profeta é transportado em visão ao templo e vê diferentes formas de idolatria praticadas em seu interior. A progressão das cenas mostra que a profanação não está apenas nas periferias da vida nacional. Ela alcançou o espaço associado de modo mais direto à presença de Deus. Por isso, a queda de Jerusalém não pode ser explicada apenas pelo poder da Babilônia.",O juízo sobre Jerusalém responde a uma corrupção que alcançou inclusive o lugar destinado ao culto e à presença do Senhor.,Como a visão do templo em Ezequiel 8 redefine a causa da crise nacional apresentada nos capítulos 5–7?
35,35,"set. 29, 2026",29/09,Ezequiel 9–12,A glória se retira de Jerusalém,"A visão iniciada no templo avança até um dos momentos mais graves do livro: a retirada progressiva da glória do Senhor. Ao mesmo tempo, Ezequiel representa o destino dos habitantes de Jerusalém e dos exilados.","No capítulo 9, o juízo começa no santuário, embora os que lamentam as abominações sejam distinguidos. Ezequiel 10 retoma os seres da visão inicial e descreve a glória movendo-se para fora do templo. No capítulo 11, a falsa segurança dos líderes é confrontada e, em meio ao anúncio de dispersão, surge a promessa de que Deus será santuário para os exilados e lhes dará um coração diferente. O capítulo 12 usa a bagagem de exílio e outras ações simbólicas para declarar que a palavra anunciada não será adiada indefinidamente.","A presença de Deus não pode ser manipulada pelo templo, e sua retirada de Jerusalém não significa abandono de seu povo no exílio.",Como Ezequiel 9–12 relaciona a saída da glória do templo com a promessa de presença e renovação entre os exilados?
36,36,"set. 30, 2026",30/09,Ezequiel 13–16,Mentira religiosa e infidelidade de Jerusalém,"Ezequiel confronta interpretações religiosas que impedem o povo de compreender a própria condição. Falsos profetas, líderes idólatras e imagens da história de Jerusalém revelam a profundidade do problema.","O capítulo 13 denuncia profetas que cobrem uma parede frágil com aparência de estabilidade, proclamando paz sem fundamento. Em Ezequiel 14, os anciãos carregam ídolos no coração, mostrando que a consulta religiosa pode coexistir com lealdades rivais. O capítulo 15 compara Jerusalém a madeira de videira inútil fora de sua finalidade. A longa alegoria do capítulo 16 descreve Jerusalém como alguém acolhida e adornada por Deus que transforma seus dons em instrumentos de infidelidade. A linguagem é deliberadamente dura porque o pecado é interpretado como traição de uma relação sustentada pela graça divina.",A falsa segurança religiosa esconde uma infidelidade que consiste em usar os dons de Deus contra o próprio relacionamento que lhes deu sentido.,"Como as imagens de Ezequiel 13–16 convergem para denunciar não apenas práticas erradas, mas uma percepção falsa da relação de Jerusalém com Deus?"
37,37,"out. 1, 2026",01/10,Ezequiel 17–20,Responsabilidade e memória da rebelião,A geração do exílio precisa interpretar corretamente tanto sua responsabilidade quanto a história recebida de seus antepassados. Ezequiel combate explicações simplistas que permitiriam ao povo transferir inteiramente a culpa.,"A parábola das águias no capítulo 17 interpreta a quebra de compromisso político de Zedequias e termina com a promessa de que o próprio Deus plantará um renovo. Ezequiel 18 rejeita o uso fatalista do provérbio sobre pais e filhos: cada pessoa responde por seus caminhos, e o chamado ao arrependimento permanece aberto. No capítulo 19, a lamentação sobre os príncipes descreve a ruína da liderança. Ezequiel 20 revisita a história desde o Egito e mostra uma sucessão de rebeliões, acompanhada repetidamente pela preservação do nome e do propósito de Deus.","A responsabilidade presente não pode ser anulada pela história herdada, embora a fidelidade de Deus continue atravessando uma história marcada por rebelião.",Como Ezequiel 18 e 20 mantêm juntas responsabilidade individual e continuidade histórica da infidelidade de Israel?
38,38,"out. 2, 2026",02/10,Ezequiel 21–24,A chegada inevitável do juízo,A aproximação da queda de Jerusalém domina esta seção. As imagens tornam-se mais diretas e culminam no anúncio de que o cerco começou efetivamente.,"Ezequiel 21 apresenta a espada do juízo e descreve o rei da Babilônia decidindo sua rota até Jerusalém. O capítulo 22 reúne acusações contra governantes, sacerdotes, profetas e povo, mostrando uma corrupção que atravessa toda a estrutura social. No capítulo 23, a alegoria de duas irmãs retrata Samaria e Jerusalém em suas alianças e idolatrias. Ezequiel 24 data o início do cerco e utiliza a panela enferrujada como imagem de uma cidade cuja impureza não foi removida. A morte da esposa do profeta torna-se ainda um sinal doloroso da perda do santuário.",O juízo deixa de ser uma ameaça distante porque a persistência da corrupção conduziu Jerusalém ao momento anunciado durante todo o ministério inicial de Ezequiel.,De que modo a acumulação de imagens em Ezequiel 21–24 comunica que o juízo já não deve ser interpretado como possibilidade remota?
39,39,"out. 3, 2026",03/10,Ezequiel 25–28,As nações e a arrogância de Tiro,"Depois do anúncio do cerco, a palavra de Ezequiel volta-se às nações ao redor. A queda de Jerusalém não autoriza seus vizinhos a interpretar o acontecimento como prova de sua própria superioridade.","Amom, Moabe, Edom e Filístia são julgados por hostilidade, desprezo ou vingança contra Judá. A atenção então se concentra em Tiro, cuja riqueza e posição comercial produziram confiança excepcional. Os capítulos 26 e 27 descrevem tanto a queda da cidade quanto a amplitude de suas relações econômicas. Em Ezequiel 28, o governante de Tiro é retratado como alguém cujo coração se elevou por causa de sua sabedoria e prosperidade, chegando a reivindicar posição divina. O oráculo contra Sidom termina com uma breve promessa de futura reunião de Israel.","A prosperidade das nações não as coloca fora do juízo de Deus, especialmente quando poder e riqueza são convertidos em pretensão de autonomia.",Como a descrição econômica de Tiro em Ezequiel 26–28 contribui para a crítica teológica à arrogância de seu governante?
40,40,"out. 4, 2026",04/10,Ezequiel 29–32,O Egito e a fragilidade das grandes potências,"Quatro capítulos concentram vários oráculos contra o Egito, potência antiga em que Judá repetidamente procurou apoio. A seção desmonta a imagem de estabilidade que o Egito representava.","Faraó é comparado a um grande monstro do Nilo que reivindica o rio como criação própria. O Senhor anuncia que o retirará das águas e humilhará sua pretensão. O Egito também é descrito como apoio frágil para Israel, uma cana que se quebra quando alguém se apoia nela. Os capítulos seguintes desenvolvem a queda do poder egípcio por meio de imagens de árvore elevada, descida ao mundo dos mortos e lamento sobre Faraó. A linguagem reúne Egito a outras nações anteriormente poderosas que terminaram submetidas ao mesmo destino.","O Egito não pode oferecer segurança última porque sua força, como a de todos os impérios, permanece limitada pelo governo de Deus.",Como as diferentes metáforas de Ezequiel 29–32 desmontam a função do Egito como símbolo de segurança política para Israel?
41,41,05/10,05/10,Ezequiel 33–36,"Sentinela, Pastor e novo coração","Com a queda de Jerusalém confirmada, o livro entra em uma nova fase. A função de Ezequiel como sentinela é retomada e o anúncio passa a concentrar-se mais claramente na futura restauração.","Ezequiel 33 reafirma a responsabilidade de ouvir e responder à advertência. No capítulo 34, os pastores de Israel são acusados de alimentar a si mesmos em vez do rebanho, e o próprio Senhor promete buscar suas ovelhas e estabelecer sobre elas um pastor davídico. Ezequiel 35 julga Edom por sua hostilidade, enquanto o capítulo 36 promete restauração da terra e, sobretudo, transformação do povo. Deus age por causa de seu santo nome, purifica Israel, dá novo coração e novo espírito e coloca seu Espírito neles para que vivam segundo sua vontade. A restauração não é mero retorno geográfico.",Deus restaura seu povo assumindo o papel de verdadeiro Pastor e realizando uma renovação interior que responde ao fracasso da antiga infidelidade.,"Como Ezequiel 33–36 relaciona a falência dos pastores de Israel à promessa de novo coração, novo espírito e ação do próprio Deus?"
42,42,06/10,06/10,Ezequiel 37–40,Da morte à presença restaurada,"A promessa de novo coração é seguida por visões que tratam da própria existência nacional de Israel. O povo se descreve como sem esperança, e Ezequiel responde com imagens de ressurreição, reunificação e futuro santuário.","No vale de ossos secos, a palavra e o sopro de Deus transformam morte em vida, imagem interpretada como restauração da casa de Israel. Os dois pedaços de madeira simbolizam a reunificação de Judá e Israel sob um único rei davídico. Nos capítulos 38 e 39, Gog representa a ameaça final de poderes hostis, derrotados pela intervenção divina para que as nações conheçam o Senhor. Ezequiel 40 inicia uma longa visão de um novo complexo do templo, cuidadosamente medido. O movimento da seção vai da incapacidade absoluta do povo para a iniciativa soberana de Deus em recriar, reunir, proteger e habitar novamente.","A restauração depende do poder de Deus para dar vida, reunir o povo e estabelecer novamente sua presença no centro da comunidade.","Que progressão pode ser observada entre os ossos secos, a reunificação das tribos, a derrota de Gog e o início da visão do templo?"
43,43,07/10,07/10,Ezequiel 41–44,O retorno da glória,"A visão do templo continua com descrição detalhada de espaços, medidas e funções. Seu ponto teológico mais importante ocorre quando a glória que havia deixado Jerusalém retorna ao novo santuário.","Os capítulos 41 e 42 descrevem o edifício e áreas ao redor, enfatizando ordem e separação entre o santo e o comum. Ezequiel 43 retoma deliberadamente a linguagem das visões anteriores: a glória do Senhor vem do oriente e enche o templo. A presença que abandonou a cidade nos capítulos 10 e 11 agora retorna. O altar é consagrado, e o capítulo 44 estabelece regras para o acesso e para o serviço sacerdotal, incluindo distinções decorrentes da infidelidade passada. A restauração não significa retorno indiferenciado ao que existia antes. A santidade da presença divina reorganiza a vida do povo.","O centro da restauração de Ezequiel é o retorno da glória de Deus, que exige uma comunidade novamente ordenada pela santidade.",Como o retorno da glória em Ezequiel 43 deve ser lido à luz de sua retirada nos capítulos 10–11 e das regras de santidade do capítulo 44?
44,44,08/10,08/10,Ezequiel 45–48,"Terra restaurada, rio de vida e presença","Os capítulos finais completam a visão iniciada no capítulo 40. Terra, culto, liderança e cidade são reorganizados em torno da presença do Senhor.","Ezequiel 45 e 46 distribuem responsabilidades ao príncipe e regulam ofertas e festas, limitando abusos de poder que marcaram a história anterior. No capítulo 47, água sai do templo e cresce até se tornar rio profundo, levando vida a regiões antes estéreis e fazendo florescer árvores cujas folhas servem para cura. A terra é repartida novamente, com espaço também para estrangeiros residentes. O capítulo 48 organiza as tribos em torno do santuário e encerra o livro dando à cidade um nome novo: “O Senhor está ali”. A visão final concentra todo o percurso do livro na recuperação da presença divina.","A restauração alcança seu objetivo quando terra, povo, culto e vida são reorganizados ao redor da presença vivificadora do Senhor.",Por que o nome final da cidade em Ezequiel 48 funciona como síntese adequada para todo o movimento do livro?
45,45,09/10,09/10,Daniel 1–4,Fidelidade no exílio e soberania sobre os reis,"Daniel começa entre judeus levados para a Babilônia e inseridos na administração imperial. O conflito não é apenas sobreviver ao exílio, mas permanecer fiel sem negar que Deus continua governando dentro de uma ordem dominada por potências estrangeiras.","Daniel e seus companheiros recebem nomes, educação e funções babilônicas, mas estabelecem limites quando a assimilação compromete sua fidelidade. Nos capítulos 2 e 4, sonhos de Nabucodonosor revelam que reinos humanos são temporários e estão submetidos ao Deus do céu. O capítulo 3 mostra Sadraque, Mesaque e Abede-Nego recusando adoração à imagem imperial, mesmo sem garantia de livramento. A humilhação de Nabucodonosor no capítulo 4 torna explícito o tema recorrente: o Altíssimo pode elevar e abater governantes. A fidelidade no exílio se sustenta numa visão correta da soberania.",A fidelidade de Israel em terra estrangeira é possível porque o domínio dos impérios permanece subordinado ao governo do Deus Altíssimo.,Como Daniel 1–4 relaciona práticas concretas de fidelidade dos exilados à afirmação de que Deus governa sobre reis e impérios?
46,46,10/10,10/10,Daniel 5–8,Impérios pesados e julgados,"A narrativa passa da Babilônia para a Pérsia e, em seguida, para visões que ampliam o horizonte histórico. A sucessão de impérios reforça que nenhum poder possui permanência própria.","Daniel 5 mostra Belsazar usando os utensílios do templo numa celebração marcada por arrogância. A escrita na parede anuncia que seu reino foi pesado e chegou ao fim. No capítulo 6, Daniel permanece fiel em oração apesar de uma lei imperial e é preservado da cova dos leões. Os capítulos 7 e 8 mudam para linguagem visionária: bestas, chifres e conflitos representam poderes violentos que surgem e desaparecem diante do tribunal de Deus. Em Daniel 7, o domínio final é associado ao “filho do homem” e aos santos do Altíssimo, contrastando com os reinos animalescos.","Os impérios podem parecer absolutos no presente, mas são avaliados, limitados e substituídos dentro do governo de Deus.",Como a mudança das narrativas dos capítulos 5–6 para as visões de 7–8 amplia a crítica de Daniel ao caráter e à duração do poder imperial?
47,47,11/10,11/10,Daniel 9–12,"Confissão, conflito e esperança além da morte","A parte final do livro combina oração, interpretação profética e visões sobre períodos de intensa opressão. Daniel não responde ao conhecimento do futuro com especulação distante, mas com confissão e perseverança.","No capítulo 9, Daniel lê Jeremias, reconhece o pecado coletivo e apela à misericórdia de Deus. A resposta sobre as semanas amplia a questão do tempo da restauração. Os capítulos 10 e 11 apresentam conflito entre reinos terrestres dentro de uma realidade espiritual mais ampla e descrevem a ascensão de um governante que profana e persegue. Daniel 12 leva a esperança além da sobrevivência nacional ao anunciar ressurreição, juízo e vindicação. Nem todos os detalhes são entregues ao profeta, que é chamado a seguir seu caminho até o fim. O livro termina com esperança sem eliminar o mistério.","A esperança de Daniel repousa na soberania de Deus sobre o tempo, na vindicação de seus fiéis e, finalmente, na ressurreição.",Como Daniel 9–12 desloca a expectativa de restauração de uma simples mudança política para uma esperança que inclui juízo e ressurreição?
48,48,12/10,12/10,Oseias 1–4,A aliança ferida pela infidelidade,Oseias profetiza ao reino do Norte e utiliza seu próprio casamento e os nomes de seus filhos como sinais da relação entre o Senhor e Israel. O pecado é apresentado principalmente como infidelidade de aliança.,"Os capítulos 1 e 2 transformam a família do profeta em linguagem profética: os nomes dos filhos anunciam juízo, mas as ameaças são interrompidas por promessas de restauração e renovação da aliança. O capítulo 3 retoma a relação conjugal como sinal de um amor que busca novamente quem foi infiel. Em Oseias 4, a metáfora dá lugar a uma acusação formal: faltam fidelidade, misericórdia e conhecimento de Deus, enquanto mentira, violência e corrupção sacerdotal se espalham. O problema da idolatria não é mera escolha religiosa inadequada, mas quebra de uma relação que deveria ordenar toda a vida de Israel.","A idolatria de Israel é infidelidade à aliança, e a promessa de restauração nasce da iniciativa persistente do Deus que foi traído.",Como a metáfora conjugal dos capítulos 1–3 prepara a acusação de Oseias 4 sobre a ausência de conhecimento e fidelidade no povo?
49,49,13/10,13/10,Oseias 5–8,"Religião, política e um coração dividido","Oseias passa a denunciar líderes, sacerdotes e estratégias políticas. Israel procura preservar-se por meio de alianças e ritos, mas sua resposta a Deus permanece superficial.","O capítulo 5 acusa sacerdotes e governantes e mostra Israel buscando ajuda da Assíria em vez de retornar ao Senhor. O conhecido chamado de Oseias 6 a voltar para Deus é seguido por uma crítica: a lealdade do povo é passageira como neblina da manhã. Por isso, Deus declara desejar misericórdia e conhecimento de Deus mais do que sacrifícios usados sem fidelidade. Nos capítulos 7 e 8, conspirações internas, alianças externas e o bezerro de Samaria revelam um povo dividido. Israel semeia vento porque tenta assegurar seu futuro por meios que contradizem sua aliança.",Ritos e estratégias políticas não substituem uma fidelidade duradoura fundada no verdadeiro conhecimento de Deus.,Como Oseias 5–8 mostra que a instabilidade política e a religiosidade superficial procedem de um mesmo problema de lealdade?
50,50,14/10,14/10,Oseias 9–12,"Memória, disciplina e amor persistente","O juízo anunciado torna-se mais severo, mas Oseias continua revisitando a história de Israel para mostrar que a crise presente faz parte de uma longa trajetória de infidelidade.","Os capítulos 9 e 10 descrevem perda, exílio e destruição de centros de culto. Em Oseias 11, porém, a história é narrada como relação entre pai e filho: Deus amou Israel desde o Egito, ensinou-o a andar e, ainda assim, foi rejeitado. A tensão entre juízo e compaixão aparece de modo intenso quando Deus afirma que não tratará Israel apenas segundo sua rebelião. O capítulo 12 retorna a Jacó e ao êxodo para confrontar engano, autossuficiência econômica e falsa segurança. A memória bíblica serve tanto à acusação quanto à esperança.","O amor de Deus não banaliza a rebelião de Israel, mas impede que o juízo seja a única palavra sobre o futuro da aliança.",Como Oseias 9–12 usa episódios da história de Israel para sustentar simultaneamente a acusação de infidelidade e a persistência do amor divino?
51,51,"out. 15, 2026",15/10,Oseias 13–14,Juízo final e convite ao retorno,"Oseias encerra o livro levando o confronto com Israel ao limite. A culpa associada à idolatria e à autossuficiência conduz ao juízo, mas a última palavra do livro volta a ser um chamado ao retorno.","O capítulo 13 relembra como Efraim se exaltou e se entregou a Baal, enquanto o próprio Senhor recorda que foi ele quem sustentou Israel desde o Egito. A prosperidade produziu esquecimento e a confiança em reis não pode salvar. A linguagem de morte e destruição mostra a gravidade do colapso. O capítulo 14, porém, começa com um imperativo: Israel deve voltar ao Senhor levando palavras de arrependimento e abandonando Assíria, cavalos e ídolos. A resposta divina é descrita em imagens de cura, amor e fertilidade. O livro termina convidando o sábio a discernir os caminhos do Senhor.","O juízo expõe a inutilidade das falsas seguranças, enquanto a restauração é apresentada como retorno ao Deus que cura a infidelidade.",Como Oseias 13–14 transforma os mesmos temas de idolatria e falsa segurança que produziram o juízo em elementos de uma verdadeira confissão de retorno?
52,52,"out. 16, 2026",16/10,Joel 1–3 e Amós 1,O Dia do Senhor e o juízo das nações,Joel interpreta uma calamidade devastadora à luz do Dia do Senhor e conduz o povo do lamento à expectativa da intervenção divina. Amós inicia seu livro ampliando a cena do juízo para povos ao redor de Israel.,"Joel 1 descreve uma praga que destrói colheitas e interrompe a vida cultual, convocando sacerdotes e povo ao lamento. No capítulo 2, o Dia do Senhor aproxima-se com linguagem de invasão, mas o chamado ao retorno permanece: Deus é gracioso e misericordioso. A restauração inclui abundância e o derramamento do Espírito sobre toda carne. Joel 3 apresenta o julgamento das nações e a segurança de Sião. Amós 1 começa com o Senhor rugindo de Sião e dirige oráculos a Damasco, Gaza, Tiro, Edom e Amom. A passagem de um livro ao outro preserva a ideia de que o juízo divino não se limita às fronteiras de Israel.","O Dia do Senhor reúne juízo, chamado ao arrependimento e promessa de restauração sob o governo de Deus sobre Israel e as nações.",Que elementos de Joel 1–3 e Amós 1 impedem que o Dia do Senhor seja reduzido a uma expectativa de punição apenas contra os inimigos de Israel?
53,53,"out. 17, 2026",17/10,Amós 2–5,O juízo chega a Israel,"Depois de denunciar os povos ao redor, Amós dirige a palavra a Judá e principalmente a Israel. O recurso retórico retira do público qualquer possibilidade de ouvir os oráculos anteriores apenas como condenação de terceiros.","Amós 2 acusa Israel de vender o justo, oprimir o pobre e profanar a vida da aliança apesar de tudo o que Deus fez por ele. O capítulo 3 usa a eleição como fundamento de responsabilidade: justamente porque Israel foi conhecido de modo singular, sua iniquidade será visitada. Amós 4 recorda sucessivas disciplinas que não produziram retorno. No capítulo 5, o profeta entoa uma lamentação como se a queda já tivesse ocorrido e chama o povo a buscar o Senhor e viver. O culto é rejeitado quando separado de justiça, e o esperado Dia do Senhor é descrito como trevas para uma comunidade infiel.","A eleição de Israel não o imuniza contra o juízo, mas torna sua responsabilidade diante da aliança ainda mais séria.",Como Amós 2–5 inverte a expectativa de privilégio associada à eleição e ao Dia do Senhor em argumento de responsabilidade e juízo?
54,54,"out. 18, 2026",18/10,Amós 6–9,"Complacência, juízo e restauração","A denúncia contra Israel chega ao auge ao confrontar a tranquilidade das elites e apresentar uma série de visões de juízo. O livro, porém, termina com uma promessa de restauração.","Amós 6 acusa os que vivem em segurança e luxo enquanto ignoram a ruína de José. No capítulo 7, visões de gafanhotos e fogo são interrompidas pela intercessão do profeta, mas o prumo mostra que o juízo não será adiado indefinidamente. O conflito com Amazias evidencia a resistência institucional à palavra profética. Em Amós 8, o cesto de frutos maduros anuncia que Israel chegou ao fim, e a exploração econômica acompanha a religiosidade. O capítulo 9 começa com juízo inevitável, mas termina com a restauração da tenda caída de Davi, abundância e renovação da terra.","A falsa segurança de Israel é desmontada pelo juízo, enquanto a esperança final depende de uma restauração que o próprio Deus promete realizar.",Como a promessa de Amós 9 deve ser lida à luz das denúncias sociais e das visões de juízo que dominam os capítulos 6–8?
55,55,"out. 19, 2026",19/10,Obadias 1,"Edom, orgulho e o Dia do Senhor","Obadias dirige sua profecia contra Edom, povo aparentado a Judá por meio de Esaú. A gravidade de sua culpa está ligada à maneira como reagiu à calamidade de Jerusalém.","Edom é acusado de orgulho por sua posição aparentemente segura e, sobretudo, de permanecer distante, alegrar-se e tirar proveito do dia da desgraça de Judá. A repetição de proibições ligadas a “não olhar”, “não alegrar-se” e “não entrar” expõe diferentes formas de participação na violência. O princípio do juízo é formulado em termos de retribuição: aquilo que Edom fez retornará sobre sua própria cabeça. A profecia então amplia o horizonte para o Dia do Senhor sobre todas as nações e termina afirmando que o reino pertencerá ao Senhor.","Deus julga não apenas a agressão direta, mas também o orgulho e a participação oportunista no sofrimento do outro.",Como Obadias transforma a conduta de Edom durante a queda de Jerusalém em exemplo de um princípio mais amplo de juízo sobre as nações?
56,56,"out. 20, 2026",20/10,Jonas 1–4,A misericórdia de Deus e a resistência do profeta,"Jonas é enviado a Nínive, capital assíria conhecida por sua violência, mas foge na direção oposta. O livro acompanha menos o destino da cidade do que o confronto entre a misericórdia de Deus e as expectativas do próprio profeta.","Nos capítulos 1 e 2, Jonas foge, é lançado ao mar e preservado por Deus. No capítulo 3, ele finalmente anuncia juízo a Nínive, e a cidade responde com arrependimento. Deus então não executa a calamidade anunciada. O capítulo 4 revela que essa misericórdia é precisamente o que Jonas temia, pois conhece o caráter gracioso e compassivo do Senhor. A planta que cresce e morre expõe a incoerência do profeta: ele lamenta a perda de algo que não criou, mas rejeita a compaixão de Deus por uma grande cidade. A pergunta final permanece aberta ao leitor.",O conhecimento correto do caráter misericordioso de Deus pode ser resistido quando sua graça alcança aqueles que preferiríamos ver julgados.,"Por que o livro de Jonas termina com uma pergunta de Deus ao profeta, e como essa escolha literária redefine o verdadeiro conflito da narrativa?"
57,57,"out. 21, 2026",21/10,Miqueias 1–4,Juízo sobre a liderança e esperança para Sião,"Miqueias profetiza em relação a Samaria e Jerusalém e denuncia especialmente aqueles que usam poder econômico, político e religioso contra os vulneráveis. O juízo sobre as cidades convive com uma visão futura de Sião.","Miqueias 1 anuncia a queda de Samaria e faz o juízo aproximar-se de Judá. No capítulo 2, proprietários cobiçam campos e casas e transformam poder econômico em instrumento de opressão. Miqueias 3 dirige-se a governantes, sacerdotes e profetas que corrompem suas funções e chegam a usar a presença do Senhor como garantia de segurança. Jerusalém, por isso, será transformada em ruínas. O capítulo 4, porém, reutiliza a visão de Sião como centro da instrução divina, paz entre as nações e reunião dos vulneráveis. A esperança não confirma as estruturas presentes, mas pressupõe sua correção.","A futura exaltação de Sião não legitima seus líderes corruptos, mas depende da justiça e do governo que Deus estabelecerá.",Como o contraste entre Miqueias 3 e 4 redefine o significado de Sião diante da falsa segurança dos líderes de Jerusalém?
58,58,"out. 22, 2026",22/10,Miqueias 5–7,O governante prometido e a misericórdia da aliança,"Depois da visão de restauração, Miqueias desenvolve a esperança de um governante vindo de Belém e retorna à acusação formal de Deus contra seu povo.","Miqueias 5 apresenta um governante cuja origem está ligada a Belém e cujo pastoreio trará segurança sob a grandeza do Senhor. A restauração inclui purificação de falsas seguranças militares e religiosas. No capítulo 6, Deus conduz uma espécie de processo de aliança, recordando sua fidelidade desde o êxodo. A resposta adequada não é multiplicação ritual, mas prática de justiça, amor à misericórdia e caminhada humilde com Deus. O capítulo 7 reconhece a corrupção social e termina com esperança: o Senhor perdoa a iniquidade e mantém a fidelidade prometida a Abraão e Jacó.","A esperança de Miqueias reúne governo justo, vida fiel à aliança e a misericórdia de Deus que permanece comprometido com suas promessas.",Como Miqueias 5–7 conecta a esperança de um novo governante à exigência de fidelidade ética e à misericórdia da aliança?
59,59,"out. 23, 2026",23/10,Naum 1–3,A queda de Nínive e a justiça de Deus,"Naum anuncia a queda de Nínive, capital da Assíria, império responsável por violência e dominação extensas. Diferente de Jonas, o livro se situa num horizonte em que a persistência da opressão é colocada sob juízo.","Naum 1 apresenta o Senhor como zeloso e justo, mas também paciente e refúgio para os que nele confiam. Essa combinação impede que o juízo seja confundido com impulsividade. Os capítulos 2 e 3 descrevem poeticamente o cerco e a ruína de Nínive, cuja violência, exploração e poder não podem preservá-la. A cidade que aterrorizou povos torna-se objeto de espanto. O livro fala a Judá como anúncio de libertação de um opressor real, mas não transforma poder militar em valor positivo por si mesmo. A Assíria cai justamente porque seu domínio violento não é definitivo.","A paciência de Deus não equivale a tolerância permanente da violência, e o poder imperial permanece sujeito à sua justiça.",Como Naum 1 fornece o enquadramento teológico necessário para interpretar as descrições violentas da queda de Nínive nos capítulos 2–3?
60,60,"out. 24, 2026",24/10,Habacuque 1–3,Da perplexidade à confiança,Habacuque registra um diálogo entre o profeta e Deus diante da violência em Judá e da surpreendente notícia de que os babilônios serão usados como instrumento de juízo.,"No capítulo 1, Habacuque pergunta por que Deus parece tolerar injustiça. A resposta divina cria nova dificuldade: a Babilônia, ainda mais violenta, será levantada contra Judá. O profeta então questiona como o Deus santo pode usar tal potência. No capítulo 2, é chamado a esperar pela visão; o arrogante não permanecerá, enquanto o justo viverá por sua fidelidade. Uma série de ais mostra que a Babilônia também responderá por violência, exploração e idolatria. Habacuque 3 transforma a memória das antigas intervenções de Deus em oração. Mesmo sem sinais imediatos de prosperidade, o profeta escolhe alegrar-se no Senhor.","A fé de Habacuque não resolve todas as perguntas sobre o presente, mas aprende a esperar pela justiça de Deus e a confiar em seu caráter.","Que mudança ocorre entre as perguntas de Habacuque 1 e a confissão de Habacuque 3, e quais elementos do capítulo 2 tornam essa mudança possível?"
61,61,"out. 25, 2026",25/10,Sofonias 1–3,"O Dia do Senhor, remanescente e restauração","Sofonias anuncia juízo sobre Judá e Jerusalém durante um período de idolatria e acomodação. O Dia do Senhor organiza o livro, começando como ameaça próxima e ampliando-se para um horizonte que alcança as nações.","O capítulo 1 descreve o Dia do Senhor como momento de prestação de contas contra idolatria, indiferença e falsa segurança. Em Sofonias 2, o chamado a buscar o Senhor antecede oráculos contra povos vizinhos, mostrando que o juízo não está restrito a Judá. No capítulo 3, Jerusalém volta a ser acusada por rebelião de líderes, sacerdotes e profetas, mas a seção final anuncia purificação, um povo humilde e a reunião dos dispersos. A restauração culmina na imagem do próprio Senhor no meio do povo, alegrando-se sobre ele. O mesmo livro que inicia com linguagem de remoção termina com presença e renovação.","O Dia do Senhor expõe e julga a rebelião, mas também prepara um povo purificado para viver novamente na presença de Deus.",Como Sofonias 1–3 transforma o tema do Dia do Senhor de anúncio de juízo em fundamento para a esperança de um remanescente restaurado?
62,62,"out. 26, 2026",26/10,Ageu 1–2,"Prioridades, templo e presença","Ageu fala à comunidade que retornou do exílio, mas interrompeu a reconstrução do templo. O problema não é simplesmente arquitetônico: a condição do santuário revela prioridades e expectativas da comunidade restaurada.","No capítulo 1, o povo afirma que ainda não chegou o tempo de reconstruir a casa do Senhor enquanto investe em suas próprias casas. Ageu interpreta a frustração econômica à luz dessa desordem de prioridades e convoca a comunidade a reconsiderar seus caminhos. A resposta é imediata, e a promessa central é a presença de Deus com eles. No capítulo 2, o desânimo diante da aparente inferioridade do novo templo é confrontado pela promessa de que a glória futura será maior. Ageu também trata de pureza e termina dirigindo uma palavra a Zorobabel, retomando esperança ligada à liderança davídica.",A reconstrução do templo importa porque expressa a centralidade da presença de Deus e a reorganização da comunidade após o exílio.,"Como Ageu 1–2 relaciona a reconstrução material do templo a questões mais amplas de presença divina, prioridade e esperança pós-exílica?"
63,63,"out. 27, 2026",27/10,Zacarias 1–4,"Retorno, purificação e capacitação","Zacarias profetiza no mesmo período de Ageu, mas utiliza uma série de visões noturnas para interpretar a restauração. O primeiro chamado é simples e decisivo: o povo deve voltar ao Senhor.","Zacarias 1 conecta a geração presente ao fracasso dos antepassados e inicia visões que anunciam compaixão por Jerusalém. Os chifres e artesãos do capítulo 1 representam poderes que dispersaram Judá e a resposta de Deus a eles. No capítulo 2, Jerusalém é imaginada restaurada e aberta, protegida pelo próprio Senhor. Zacarias 3 coloca o sumo sacerdote Josué diante de uma acusação, mas suas vestes sujas são removidas e substituídas, simbolizando purificação e restauração sacerdotal. O capítulo 4 apresenta o candelabro e as oliveiras e dirige a Zorobabel a palavra de que a obra será realizada não por força humana, mas pelo Espírito do Senhor.","A restauração pós-exílica exige retorno, purificação e capacitação divina, não apenas esforço de reconstrução.","Como as visões de Zacarias 1–4 distribuem a restauração entre iniciativa de Deus, purificação do povo e responsabilidade de seus líderes?"
64,64,"out. 28, 2026",28/10,Zacarias 5–8,Purificação da comunidade e renovação da aliança,"As visões continuam tratando da remoção do pecado e da reorganização da comunidade. Depois delas, uma pergunta sobre jejuns leva Zacarias a retomar a história de desobediência que levou ao exílio.","O rolo voador de Zacarias 5 representa a maldição contra práticas que violam a aliança, enquanto a mulher no efa simboliza a remoção da perversidade. A visão dos carros no capítulo 6 mostra a atuação soberana do Senhor sobre a terra, e a coroação simbólica de Josué introduz a figura do Renovo. Nos capítulos 7 e 8, a pergunta sobre continuar jejuando transforma-se em exame das razões do exílio: Deus havia exigido justiça, misericórdia e cuidado com os vulneráveis. A restauração futura é descrita em termos de verdade, paz e presença, e os jejuns se tornarão ocasiões de alegria.","A restauração não consiste em retomar ritos antigos, mas em uma comunidade purificada e novamente ordenada pela verdade, justiça e presença de Deus.",Como Zacarias 5–8 usa a questão dos jejuns para deslocar a atenção de práticas religiosas para a renovação ética e comunitária da aliança?
65,65,"out. 29, 2026",29/10,Zacarias 9–11,O Rei humilde e o Pastor rejeitado,"A segunda parte de Zacarias abandona a sequência de visões e passa a reunir oráculos sobre julgamento, realeza e pastoreio. A esperança de vitória é apresentada por imagens que desafiam expectativas convencionais de poder.","Zacarias 9 anuncia um rei que chega a Jerusalém justo e vitorioso, mas humilde e montado em jumento. Seu governo é associado à paz e à extensão do domínio, não à exaltação de carros e cavalos. O capítulo 10 critica falsos pastores e promete reunião do povo. Em Zacarias 11, o próprio profeta encena o papel de um pastor rejeitado pelo rebanho. A avaliação de seu serviço em trinta moedas e a ruptura dos cajados transformam o tema do pastoreio em sinal de rejeição e juízo. A esperança real convive, portanto, com o fracasso do povo em receber corretamente o pastor.","O governo prometido por Deus redefine poder pela humildade e pelo pastoreio, enquanto a rejeição desse governo expõe novamente a infidelidade do povo.",Como Zacarias 9–11 contrasta as expectativas de poder político com as imagens do rei humilde e do pastor rejeitado?
66,66,"out. 30, 2026",30/10,Zacarias 12–14,"Arrependimento, purificação e o Dia do Senhor","Os capítulos finais concentram imagens difíceis de conflito, lamento, purificação e intervenção divina. Jerusalém está no centro, mas o horizonte se amplia para o governo universal do Senhor.","Zacarias 12 descreve a preservação de Jerusalém e um derramamento de graça que conduz o povo a lamentar aquele que foi traspassado. O capítulo 13 abre uma fonte para purificação do pecado e retoma a imagem do pastor ferido e do rebanho disperso. O sofrimento é associado a um processo de refinamento. Zacarias 14 apresenta o Dia do Senhor com ataque, intervenção divina, transformação da terra e adoração das nações. O livro termina estendendo a santidade até objetos comuns, como se a distinção entre espaços sagrados e cotidianos fosse inteiramente submetida ao reinado do Senhor.","A esperança final de Zacarias une arrependimento, purificação, sofrimento e o estabelecimento do governo santo de Deus sobre as nações.","Como Zacarias 12–14 articula lamento, purificação e Dia do Senhor para descrever a forma da restauração final?"
67,67,"out. 31, 2026",31/10,Malaquias 1–4,Aliança desprezada e expectativa da vinda do Senhor,"Malaquias fala a uma comunidade pós-exílica que possui templo e culto, mas demonstra cansaço espiritual e desprezo pela aliança. O livro encerra os Profetas com confronto e expectativa.","No capítulo 1, sacerdotes oferecem animais inadequados e revelam pouca honra pelo nome do Senhor. Malaquias 2 denuncia infidelidade sacerdotal e conjugal, mostrando que a ruptura da aliança atravessa culto e relações. No capítulo 3, o povo questiona a justiça de Deus, e a resposta anuncia um mensageiro que preparará o caminho e uma vinda do Senhor que purificará antes de restaurar. A discussão sobre dízimos também se insere nessa crítica à fidelidade da aliança. O capítulo 4 retorna ao Dia do Senhor e promete a vinda de Elias antes desse dia. O livro termina olhando para frente, não afirmando que a restauração já chegou à sua forma definitiva.",A existência do templo não significa restauração completa; o povo ainda necessita de purificação e aguarda a intervenção decisiva do Senhor.,Como Malaquias 1–4 transforma a frustração da comunidade pós-exílica em expectativa por uma futura purificação e pela vinda do Senhor?
